ftype,batch,filename,family_id,family_name,strategy_name,original_category
md,2023_origin_explain,83.韶华研究之一，布林突破+均线金叉，四年五倍.md,06,技术指标与形态,韶华研究之一，布林突破+均线金叉，四年五倍,技术指标策略
md,2023_origin_explain,98.欧奈尔CANSLIM策略初探三.md,04,基本面价值选股,欧奈尔CANSLIM策略初探三,基本面选股策略
md,2023_origin_explain,28.F_Score 选股，年化80%+.md,04,基本面价值选股,F_Score 选股，年化80%+,基本面选股策略
md,2023_origin_explain,1.龙头底分型战法-两年23倍.md,03,打板与龙头,龙头底分型战法,龙头/涨停板策略
md,2023_origin_explain,0.7年40倍，模拟超过两年，年化高回撤低.md,15,其他,7年40倍，模拟超过两年，年化高回撤低,其他策略
md,2023_origin_explain,55.【分享】券商金股组合增强.md,15,其他,【分享】券商金股组合增强,其他策略
md,2023_origin_explain,6.21年度6.为了挣点积分自己实盘的策略分享出来.md,03,打板与龙头,21年度6.为了挣点积分自己实盘的策略分享出来,龙头/涨停板策略
md,2023_origin_explain,73.MACD多周期共振，精准打击！.md,06,技术指标与形态,MACD多周期共振，精准打击！,技术指标策略
md,2023_origin_explain,20.北向资金股票轮动-优质策略可直接实盘.md,10,北向资金,北向资金股票轮动-优质策略可直接实盘,北向资金策略
md,2023_origin_explain,79.过滤两个因子，12年15倍的roa选股500指数增强.md,04,基本面价值选股,过滤两个因子，12年15倍的roa选股500指数增强,基本面选股策略
md,2023_origin_explain,84.对 二板排板战法 的部分优化.md,03,打板与龙头,对 二板排板战法 的部分优化,龙头/涨停板策略
md,2023_origin_explain,16.8年13倍的ETF动量轮动策略，有滑点，无未来函数，回撤小！.md,02,ETF轮动,8年13倍的ETF动量轮动策略，有滑点，无未来函数，回撤小！,ETF轮动策略
md,2023_origin_explain,5.87.5%胜率之分歧反包二板.md,03,打板与龙头,87.5%胜率之分歧反包二板,龙头/涨停板策略
md,2023_origin_explain,53.利用聚宽的数据库，研究基金.md,15,其他,利用聚宽的数据库，研究基金,其他策略
md,2023_origin_explain,21.截止到21年12月依然有效的小市值适配因子.md,01,小市值与微盘股,截止到21年12月依然有效的小市值适配因子,基本面选股策略
md,2023_origin_explain,56.韶华研究之五-ETF轮动，躺赚，夏普2.md,02,ETF轮动,韶华研究之五-ETF轮动，躺赚，夏普2,ETF轮动策略
md,2023_origin_explain,30.跟着基金报团！！！174% 回撤 7.33%.md,09,行业板块轮动,跟着基金报团！！！174% 回撤 7.33%,板块轮动策略
md,2023_origin_explain,22.简单到发指的股指策略(2013到现在收益10949%).md,11,期货与做空,简单到发指的股指策略(2013到现在收益10949%),股指期货策略
md,2023_origin_explain,24.ROE+PB模型的优化.md,04,基本面价值选股,ROE+PB模型的优化,基本面选股策略
md,2023_origin_explain,93.布林线追龙头战法.md,03,打板与龙头,布林线追龙头战法,龙头/涨停板策略
md,2023_origin_explain,88.韶华研究之二，顺势而为，年化140.md,06,技术指标与形态,韶华研究之二，顺势而为，年化140,技术指标策略
md,2023_origin_explain,78.EPS+MS因子的大盘蓝筹策略.md,04,基本面价值选股,EPS+MS因子的大盘蓝筹策略,基本面选股策略
md,2023_origin_explain,72.优化了一下宽基etf追涨的策略，值得深入研究.md,07,趋势跟踪与动量,优化了一下宽基etf追涨的策略，值得深入研究,趋势跟踪策略
md,2023_origin_explain,58.北向RSRS与布林带择时.md,05,择时策略,北向RSRS与布林带择时,北向资金策略
md,2023_origin_explain,91.致敬市场--4 解析细节.md,07,趋势跟踪与动量,致敬市场--4 解析细节,趋势跟踪策略
md,2023_origin_explain,46.年化46%的北向资金+20日涨幅的创业板策略.md,10,北向资金,年化46%的北向资金+20日涨幅的创业板策略,北向资金策略
md,2023_origin_explain,36.PEG+EBIT对小市值因子的优化.md,01,小市值与微盘股,PEG+EBIT对小市值因子的优化,基本面选股策略
md,2023_origin_explain,7.ETF动量轮动RSRS择时-魔改3小优化.md,02,ETF轮动,ETF动量轮动RSRS择时-魔改3小优化,ETF轮动策略
md,2023_origin_explain,39.低风险高收益的期货策略.md,11,期货与做空,低风险高收益的期货策略,股指期货策略
md,2023_origin_explain,32.最适合上班族的策略-神奇公式策略.md,04,基本面价值选股,最适合上班族的策略-神奇公式策略,基本面选股策略
md,2023_origin_explain,45.敢于直接实盘的—八仙过海V2.md,03,打板与龙头,敢于直接实盘的—八仙过海V2,龙头/涨停板策略
md,2023_origin_explain,90.一个月轮动股票换仓，内日做T，相对高频交易.md,15,其他,一个月轮动股票换仓，内日做T，相对高频交易,其他策略
md,2023_origin_explain,50.缠论交易策略.md,06,技术指标与形态,缠论交易策略,技术指标策略
md,2023_origin_explain,14.2020年 267%年化 13%回撤 上涨趋势策略修改版.md,06,技术指标与形态,2020年 267%年化 13%回撤 上涨趋势策略修改版,技术指标策略
md,2023_origin_explain,80.趋与势的量化定义.md,07,趋势跟踪与动量,趋与势的量化定义,趋势跟踪策略
md,2023_origin_explain,92.【超跌反弹v1.0】3年2.3倍的超跌反弹小牛股.md,12,超跌反弹,【超跌反弹v1.0】3年2.3倍的超跌反弹小牛股,超跌反弹策略
md,2023_origin_explain,75.机器学习策略分享.md,08,机器学习与AI,机器学习策略分享,机器学习策略
md,2023_origin_explain,10.一个简单而持续稳定的懒人超额收益策略.md,15,其他,一个简单而持续稳定的懒人超额收益策略,其他策略
md,2023_origin_explain,49.【7日趋势】交易策略.md,06,技术指标与形态,【7日趋势】交易策略,技术指标策略
md,2023_origin_explain,65.PB-POE+双均线--加入jq以来第一个成功的交易策略 一.md,04,基本面价值选股,PB-POE+双均线--加入jq以来第一个成功的交易策略 一,基本面选股策略
md,2023_origin_explain,51.龙头战法之单阳不破.md,03,打板与龙头,龙头战法之单阳不破,龙头/涨停板策略
md,2023_origin_explain,64.韶华研究之七--不可多得的基本面三角.md,04,基本面价值选股,韶华研究之七--不可多得的基本面三角,基本面选股策略
md,2023_origin_explain,76.半年6.5倍--次新股排板一式.md,03,打板与龙头,半年6.5倍--次新股排板一式,龙头/涨停板策略
md,2023_origin_explain,87.【股指期货】收盘折溢价策略.md,11,期货与做空,【股指期货】收盘折溢价策略,股指期货策略
md,2023_origin_explain,27.从相关系数角度探讨etf轮动的可行性.md,02,ETF轮动,从相关系数角度探讨etf轮动的可行性,ETF轮动策略
md,2023_origin_explain,40.再改进可实盘-默默赚钱系列-风险控制-增强版本-V5.0.md,07,趋势跟踪与动量,再改进可实盘-默默赚钱系列-风险控制-增强版本-V5.0,趋势跟踪策略
md,2023_origin_explain,11.致敬市场--5 定投ETF之躺平赢.md,02,ETF轮动,致敬市场--5 定投ETF之躺平赢,ETF轮动策略
md,2023_origin_explain,18.【复现】FFScore财务模型.md,04,基本面价值选股,【复现】FFScore财务模型,基本面选股策略
md,2023_origin_explain,94.可转债回测.md,13,可转债,可转债回测,可转债策略
md,2023_origin_explain,38.随机森林策略，低换手率，年化近50%.md,08,机器学习与AI,随机森林策略，低换手率，年化近50%,机器学习策略
md,2023_origin_explain,52.筹码选股.md,04,基本面价值选股,筹码选股,基本面选股策略
md,2023_origin_explain,13.胜率65%之缩量分歧反包战法.md,03,打板与龙头,胜率65%之缩量分歧反包战法,龙头/涨停板策略
md,2023_origin_explain,60.抄底神器2.0，低回撤，高成功率，无未来函数.md,12,超跌反弹,抄底神器2.0，低回撤，高成功率，无未来函数,超跌反弹策略
md,2023_origin_explain,34.超稳+翻倍，贝塔值只有0.048的期指策略.md,11,期货与做空,超稳+翻倍，贝塔值只有0.048的期指策略,股指期货策略
md,2023_origin_explain,81.拥挤率指标-择时大盘顶底-Clone1-第二版.md,05,择时策略,拥挤率指标-择时大盘顶底-Clone1-第二版,其他策略
md,2023_origin_explain,70.回踩均线搏反弹，21年来70%，无未来（测试第一弹）.md,06,技术指标与形态,回踩均线搏反弹，21年来70%，无未来（测试第一弹）,技术指标策略
md,2023_origin_explain,85.最新解密--追涨龙头打板策略-适合近期实盘行情.md,03,打板与龙头,最新解密--追涨龙头打板策略,龙头/涨停板策略
md,2023_origin_explain,62.3年复合200+%收益+超低回撤11%以内，无惧大跌.md,06,技术指标与形态,3年复合200+%收益+超低回撤11%以内，无惧大跌,技术指标策略
md,2023_origin_explain,44.海龟突破系统，19-21年化150，无未来函数和过拟合.md,06,技术指标与形态,海龟突破系统，19-21年化150，无未来函数和过拟合,技术指标策略
md,2023_origin_explain,89.2019年到现在90多倍的新策略.md,03,打板与龙头,2019年到现在90多倍的新策略,龙头/涨停板策略
md,2023_origin_explain,17.20行代码8年胜率100%躲过了牛年第一场大跌.md,06,技术指标与形态,20行代码8年胜率100%躲过了牛年第一场大跌,技术指标策略
md,2023_origin_explain,69.选取向上趋势的股票.md,06,技术指标与形态,选取向上趋势的股票,技术指标策略
md,2023_origin_explain,82.势的度量.md,07,趋势跟踪与动量,势的度量,趋势跟踪策略
md,2023_origin_explain,54.ETF轮动策略-入门1.0.md,02,ETF轮动,ETF轮动策略-入门1.0,ETF轮动策略
md,2023_origin_explain,23.低AH溢价选股.md,04,基本面价值选股,低AH溢价选股,基本面选股策略
md,2023_origin_explain,48.【漂亮50 2.0止损版本】为了降低回撤，加入择时止损模块.md,05,择时策略,【漂亮50 2.0止损版本】为了降低回撤，加入择时止损模块,趋势跟踪策略
md,2023_origin_explain,8.iAlpha 基金投资策略.md,11,期货与做空,iAlpha 基金投资策略,股指期货策略
md,2023_origin_explain,29.价值成长轮动策略.md,04,基本面价值选股,价值成长轮动策略,基本面选股策略
md,2023_origin_explain,43.集合竞价摸奖策略1.0-致敬2022.md,03,打板与龙头,集合竞价摸奖策略1.0,龙头/涨停板策略
md,2023_origin_explain,41.大盘拥挤率极速版-180天3秒.md,05,择时策略,大盘拥挤率极速版-180天3秒,其他策略
md,2023_origin_explain,31.北向Boll带_ETF组合宝付费策略.md,10,北向资金,北向Boll带_ETF组合宝付费策略,北向资金策略
md,2023_origin_explain,96.市场宽度20210622.md,15,其他,市场宽度20210622,其他策略
md,2023_origin_explain,26.追涨大师（超额142）.md,06,技术指标与形态,追涨大师（超额142）,技术指标策略
md,2023_origin_explain,66.基于动量和反转效应的沪深300成分股策略.md,06,技术指标与形态,基于动量和反转效应的沪深300成分股策略,技术指标策略
md,2023_origin_explain,95.【复现】高频价量相关性，意想不到的选股因子.md,15,其他,【复现】高频价量相关性，意想不到的选股因子,其他策略
md,2023_origin_explain,86.【基本面三角3.0】看过之前策略的就略过吧.md,04,基本面价值选股,【基本面三角3.0】看过之前策略的就略过吧,基本面选股策略
md,2023_origin_explain,3.苦咖啡-默默赚钱系列-改.md,06,技术指标与形态,苦咖啡-默默赚钱系列-改,技术指标策略
md,2023_origin_explain,63.A股最强板块动量趋势（最终版）.md,09,行业板块轮动,A股最强板块动量趋势（最终版）,板块轮动策略
md,2023_origin_explain,57.韶华研究之四-菲阿里四阶在T+1的短线策略应用.md,06,技术指标与形态,韶华研究之四-菲阿里四阶在T+1的短线策略应用,技术指标策略
md,2023_origin_explain,99.全市场选股？7年5倍不择时，回撤30%左右.md,05,择时策略,全市场选股？7年5倍不择时，回撤30%左右,基本面选股策略
md,2023_origin_explain,71.lightGBM.md,08,机器学习与AI,lightGBM,机器学习策略
md,2023_origin_explain,37.ETF动量轮动RSRS择时-魔改4-低通滤波.md,02,ETF轮动,ETF动量轮动RSRS择时-魔改4-低通滤波,ETF轮动策略
md,2023_origin_explain,35.最简强者恒强策略.md,06,技术指标与形态,最简强者恒强策略,技术指标策略
md,2023_origin_explain,33.趋势交易5.0 无择时-2年5倍不是梦.md,05,择时策略,趋势交易5.0 无择时-2年5倍不是梦,技术指标策略
md,2023_origin_explain,97.韶华研究之六，简单不一样的发现趋势，3年6倍.md,06,技术指标与形态,韶华研究之六，简单不一样的发现趋势，3年6倍,技术指标策略
md,2023_origin_explain,61.分享一个最近两年非常有效的因子.md,07,趋势跟踪与动量,分享一个最近两年非常有效的因子,趋势跟踪策略
md,2023_origin_explain,19.人人可躺平16年3400%.md,07,趋势跟踪与动量,人人可躺平16年3400%,趋势跟踪策略
md,2023_origin_explain,59.可能是最接近实盘的“基本面三角.md,04,基本面价值选股,"可能是最接近实盘的""基本面三角",基本面选股策略
md,2023_origin_explain,25.这个可入得了你们法眼.md,04,基本面价值选股,这个可入得了你们法眼,基本面选股策略
md,2023_origin_explain,68.宽基BBI动量追涨，完美避开这波大跌~.md,02,ETF轮动,宽基BBI动量追涨，完美避开这波大跌~,ETF轮动策略
md,2023_origin_explain,77.【基金增强思考2.0】优秀基金的持续性与周期的关系密不可分.md,15,其他,【基金增强思考2.0】优秀基金的持续性与周期的关系密不可分,其他策略
md,2023_origin_explain,42.二板排板战法研究.md,03,打板与龙头,二板排板战法研究,龙头/涨停板策略
md,2023_origin_explain,2.多策略融合-80倍-无未来函数.md,03,打板与龙头,多策略融合,龙头/涨停板策略
md,2023_origin_explain,74.勾股神器2代码40行，年化一百点.md,06,技术指标与形态,勾股神器2代码40行，年化一百点,技术指标策略
md,2023_origin_explain,47.动量ETF轮动-RSRS择时-卡尔曼滤波.md,02,ETF轮动,动量ETF轮动-RSRS择时-卡尔曼滤波,ETF轮动策略
md,2023_origin_explain,12.【不含未来！】宽基etf轮动8年50倍年化60%.md,02,ETF轮动,【不含未来！】宽基etf轮动8年50倍年化60%,ETF轮动策略
md,2023_origin_explain,15.动量ETF轮动RSRS择时-升级.md,02,ETF轮动,动量ETF轮动RSRS择时-升级,ETF轮动策略
md,2023_origin_explain,4.8年10倍，回撤小，有滑点！ETF动量简单轮动策略！.md,02,ETF轮动,8年10倍，回撤小，有滑点！ETF动量简单轮动策略！,ETF轮动策略
md,2024_1_origin_explain,68.业绩预告小工具--已更新.md,15,其他,业绩预告小工具--已更新,其他策略
md,2024_1_origin_explain,5.尝试用机器学习批量生产小盘策略.md,01,小市值与微盘股,尝试用机器学习批量生产小盘策略,机器学习策略
md,2024_1_origin_explain,19.高股息低市盈率高增长的价投策略.md,04,基本面价值选股,高股息低市盈率高增长的价投策略,基本面选股策略
md,2024_1_origin_explain,7.连板龙头策略.md,03,打板与龙头,连板龙头策略,龙头/涨停板策略
md,2024_1_origin_explain,"58.融券做空,3年35倍多！已模拟2年半，动态跑盘收益惊人！.md",11,期货与做空,"融券做空,3年35倍多！已模拟2年半，动态跑盘收益惊人！",期货/做空策略
md,2024_1_origin_explain,14.四年多翻9倍，年化73%，成长因子评分筛选.md,04,基本面价值选股,四年多翻9倍，年化73%，成长因子评分筛选,基本面选股策略
md,2024_1_origin_explain,6.高股息低杠杆小市值轮动策略.md,01,小市值与微盘股,高股息低杠杆小市值轮动策略,基本面选股策略
md,2024_1_origin_explain,77.【复现】筹码分布因子.md,15,其他,【复现】筹码分布因子,其他策略
md,2024_1_origin_explain,92.【机器学习研究】动态多因子选股策略研究.md,08,机器学习与AI,【机器学习研究】动态多因子选股策略研究,机器学习策略
md,2024_1_origin_explain,25.低价股优化，18年至今10625.40%，已加防未来函数.md,15,其他,低价股优化，18年至今10625.40%，已加防未来函数,其他策略
md,2024_1_origin_explain,11.低价小盘简单有效.md,01,小市值与微盘股,低价小盘简单有效,基本面选股策略
md,2024_1_origin_explain,9.持仓95只大容量小市值，媲美金元顺安元启.md,01,小市值与微盘股,持仓95只大容量小市值，媲美金元顺安元启,基本面选股策略
md,2024_1_origin_explain,72.桥水 全天候策略 增加一致性度量ES 风险控制.md,14,资产配置与多策略组合,桥水 全天候策略 增加一致性度量ES 风险控制,资产配置策略
md,2024_1_origin_explain,87.山寨红利.md,04,基本面价值选股,山寨红利,基本面选股策略
md,2024_1_origin_explain,37.【择时模块实际效果】--论坛随便选了个策略加装.md,05,择时策略,【择时模块实际效果】--论坛随便选了个策略加装,择时策略
md,2024_1_origin_explain,26.【深度解析 六】高股息率-低PEG-低股价 模型.md,04,基本面价值选股,【深度解析 六】高股息率-低PEG-低股价 模型,基本面选股策略
md,2024_1_origin_explain,76.基金溢价（模拟效果好！）.md,02,ETF轮动,基金溢价（模拟效果好！）,基金策略
md,2024_1_origin_explain,3.【回顾3】ETF策略之核心资产轮动.md,02,ETF轮动,【回顾3】ETF策略之核心资产轮动,ETF轮动策略
md,2024_1_origin_explain,16.大市值价值投资，从2005年至今超额稳定.md,04,基本面价值选股,大市值价值投资，从2005年至今超额稳定,基本面选股策略
md,2024_1_origin_explain,40.14年初到23年7月，年化37，夏普1.25，稳健高收益！.md,15,其他,14年初到23年7月，年化37，夏普1.25，稳健高收益！,其他策略
md,2024_1_origin_explain,65.低开买入小市值策略（剥头皮策略）3.0 总结.md,01,小市值与微盘股,低开买入小市值策略（剥头皮策略）3.0 总结,小市值/微盘股策略
md,2024_1_origin_explain,4.首板低开策略.md,03,打板与龙头,首板低开策略,龙头/涨停板策略
md,2024_1_origin_explain,97.大周期顶底判断：FED指标+格雷厄姆指数一次搞定.md,05,择时策略,大周期顶底判断：FED指标+格雷厄姆指数一次搞定,择时策略
md,2024_1_origin_explain,95.基金的最爱与最恶.md,02,ETF轮动,基金的最爱与最恶,基金策略
md,2024_1_origin_explain,38.ETF核心资产轮动-添油加醋.md,02,ETF轮动,ETF核心资产轮动-添油加醋,ETF轮动策略
md,2024_1_origin_explain,27.根据大小盘相对强弱选择合适的板块股票进行交易.md,01,小市值与微盘股,根据大小盘相对强弱选择合适的板块股票进行交易,板块轮动策略
md,2024_1_origin_explain,32.非线性市值（非小市值）组合4只.md,01,小市值与微盘股,非线性市值（非小市值）组合4只,基本面选股策略
md,2024_1_origin_explain,50.新策略，一种新思路，超额376%！.md,07,趋势跟踪与动量,新策略，一种新思路，超额376%！,动量策略
md,2024_1_origin_explain,49.年化62%的动量策略.md,07,趋势跟踪与动量,年化62%的动量策略,动量策略
md,2024_1_origin_explain,48.低代码迁移成本的实盘方案jqtrade+one quant.md,15,其他,低代码迁移成本的实盘方案jqtrade+one quant,其他策略
md,2024_1_origin_explain,52.增强型投资组合优化（EPO）方法试用.md,02,ETF轮动,增强型投资组合优化（EPO）方法试用,资产配置策略
md,2024_1_origin_explain,57.【复现】技术分析算法、框架与实战之二：识别“圆弧底”.md,06,技术指标与形态,"【复现】技术分析算法、框架与实战之二：识别""圆弧底""",技术指标策略
md,2024_1_origin_explain,89.【复现·水】市场情绪指标专题行业指数顶部和底部信号.md,09,行业板块轮动,【复现·水】市场情绪指标专题行业指数顶部和底部信号,板块轮动策略
md,2024_1_origin_explain,2.“7年40倍”策略扩容到50只.md,04,基本面价值选股,"""7年40倍""策略扩容到50只",基本面选股策略
md,2024_1_origin_explain,54.追市场热点策略.md,09,行业板块轮动,追市场热点策略,板块轮动策略
md,2024_1_origin_explain,22.菜场大妈皇城大妈年化108大妈吉祥.md,01,小市值与微盘股,菜场大妈皇城大妈年化108大妈吉祥,基本面选股策略
md,2024_1_origin_explain,84.【社区研究】连板龙头策略-wywy：复现与研究.md,03,打板与龙头,【社区研究】连板龙头策略-wywy：复现与研究,龙头/涨停板策略
md,2024_1_origin_explain,60.【深度解析 二】资产负债与ROA模型.md,04,基本面价值选股,【深度解析 二】资产负债与ROA模型,基本面选股策略
md,2024_1_origin_explain,85.【深度解析 七】BBI指标-大盘涨跌-宽基轮动模型.md,02,ETF轮动,【深度解析 七】BBI指标-大盘涨跌-宽基轮动模型,ETF轮动策略
md,2024_1_origin_explain,33.年化46.77，alpha191因子选股.md,04,基本面价值选股,年化46.77，alpha191因子选股,多因子策略
md,2024_1_origin_explain,61.聚类算法分析股票，看看今年大体能分出哪几类.md,15,其他,聚类算法分析股票，看看今年大体能分出哪几类,其他策略
md,2024_1_origin_explain,46.【深度解析 四】聚宽三因子基本面 模型.md,04,基本面价值选股,【深度解析 四】聚宽三因子基本面 模型,基本面选股策略
md,2024_1_origin_explain,86.根据连续亏损预判st股票.md,15,其他,根据连续亏损预判st股票,其他策略
md,2024_1_origin_explain,21.一种宏观数据的中长线策略，年化15%，最大回撤9%.md,15,其他,一种宏观数据的中长线策略，年化15%，最大回撤9%,其他策略
md,2024_1_origin_explain,31.动量因子加RSRS择时和ETF轮动每日调仓.md,05,择时策略,动量因子加RSRS择时和ETF轮动每日调仓,择时策略
md,2024_1_origin_explain,93.【复现】国信投资者情绪指数择时模型.md,05,择时策略,【复现】国信投资者情绪指数择时模型,择时策略
md,2024_1_origin_explain,73.稳健趋势策略，回测小，无未来函数.md,06,技术指标与形态,稳健趋势策略，回测小，无未来函数,技术指标策略
md,2024_1_origin_explain,51.【复现】行业有效量价因子与行业轮动策略.md,09,行业板块轮动,【复现】行业有效量价因子与行业轮动策略,板块轮动策略
md,2024_1_origin_explain,81.方正证券-多因子选股系列研究之四：“球队硬币”.md,04,基本面价值选股,"方正证券-多因子选股系列研究之四：""球队硬币""",多因子策略
md,2024_1_origin_explain,1.差不多得了.md,01,小市值与微盘股,差不多得了,小市值/微盘股策略
md,2024_1_origin_explain,39.大资金优质股策略，总收益1217%！无小市值因子！.md,04,基本面价值选股,大资金优质股策略，总收益1217%！无小市值因子！,基本面选股策略
md,2024_1_origin_explain,91.【复现】多任务时序动量策略.md,07,趋势跟踪与动量,【复现】多任务时序动量策略,动量策略
md,2024_1_origin_explain,29.高增股池小市值轮动.md,01,小市值与微盘股,高增股池小市值轮动,基本面选股策略
md,2024_1_origin_explain,64.基于XGBoost6m滚动选股策略.md,08,机器学习与AI,基于XGBoost6m滚动选股策略,机器学习策略
md,2024_1_origin_explain,15.10年52倍，年化59%，全新因子方法超稳定.md,04,基本面价值选股,10年52倍，年化59%，全新因子方法超稳定,多因子策略
md,2024_1_origin_explain,41.人工智能强化学习DQN交易智能体（回馈社区公开训练代码）.md,08,机器学习与AI,人工智能强化学习DQN交易智能体（回馈社区公开训练代码）,机器学习策略
md,2024_1_origin_explain,24.凑波热闹，也来试试多因子线性回归.md,04,基本面价值选股,凑波热闹，也来试试多因子线性回归,多因子策略
md,2024_1_origin_explain,35.5年12倍-小市值.md,01,小市值与微盘股,5年12倍-小市值,小市值/微盘股策略
md,2024_1_origin_explain,42.大盘ETF动量轮动RSRS择时策略-无纳指（5年半861%）.md,05,择时策略,大盘ETF动量轮动RSRS择时策略-无纳指（5年半861%）,择时策略
md,2024_1_origin_explain,23.wywy1995大神机器学习策略年化提升35pt.md,08,机器学习与AI,wywy1995大神机器学习策略年化提升35pt,机器学习策略
md,2024_1_origin_explain,78.国盛证券多因子.md,04,基本面价值选股,国盛证券多因子,多因子策略
md,2024_1_origin_explain,59.基于Gyro^.^大神的小市值策略的因子匹配研究.md,01,小市值与微盘股,基于Gyro^.^大神的小市值策略的因子匹配研究,小市值/微盘股策略
md,2024_1_origin_explain,90.【复现】凸显度因子.md,07,趋势跟踪与动量,【复现】凸显度因子,动量策略
md,2024_1_origin_explain,88.韶华研究之十六，指数增强.md,02,ETF轮动,韶华研究之十六，指数增强,基金策略
md,2024_1_origin_explain,8.科技与狠活.md,01,小市值与微盘股,科技与狠活,小市值/微盘股策略
md,2024_1_origin_explain,62.分享一种K线小碎步后突破的分钟级打法.md,06,技术指标与形态,分享一种K线小碎步后突破的分钟级打法,技术指标策略
md,2024_1_origin_explain,94.大市值小市值今年的一些分析，然后尝试预测小市值行情.md,15,其他,大市值小市值今年的一些分析，然后尝试预测小市值行情,其他策略
md,2024_1_origin_explain,18.微盘股研究.md,01,小市值与微盘股,微盘股研究,小市值/微盘股策略
md,2024_1_origin_explain,96.大盘预测器v1.1--引入世界数据.md,05,择时策略,大盘预测器v1.1--引入世界数据,择时策略
md,2024_1_origin_explain,53.微盘400每日再平衡.md,01,小市值与微盘股,微盘400每日再平衡,小市值/微盘股策略
md,2024_1_origin_explain,70.致敬市场(12)——赚钱的策略.md,02,ETF轮动,致敬市场(12)——赚钱的策略,ETF轮动策略
md,2024_1_origin_explain,75.【复现】个股动量效应的识别及球队硬币因子.md,07,趋势跟踪与动量,【复现】个股动量效应的识别及球队硬币因子,动量策略
md,2024_1_origin_explain,63.怎么让龟速变奔跑？以“首版突破一进二”为例.md,03,打板与龙头,"怎么让龟速变奔跑？以""首版突破一进二""为例",龙头/涨停板策略
md,2024_1_origin_explain,71.小试多因子策略，年化65%.md,04,基本面价值选股,小试多因子策略，年化65%,多因子策略
md,2024_1_origin_explain,43.ETF轮动：年化收益82.68%，最大回撤13.54%.md,02,ETF轮动,ETF轮动：年化收益82.68%，最大回撤13.54%,ETF轮动策略
md,2024_1_origin_explain,20.有赚就好-小市值剥头皮改进 2年3.86%回撤.md,01,小市值与微盘股,有赚就好-小市值剥头皮改进 2年3.86%回撤,小市值/微盘股策略
md,2024_1_origin_explain,55.Ahfu的大市值价值投资加自定义邮箱推送.md,04,基本面价值选股,Ahfu的大市值价值投资加自定义邮箱推送,基本面选股策略
md,2024_1_origin_explain,99.波动率交易的前言——期权定价.md,15,其他,波动率交易的前言——期权定价,期权策略
md,2024_1_origin_explain,"36.【菜场大妈】股息率小市值策略,10年206倍,5年10.8倍.md",01,小市值与微盘股,"【菜场大妈】股息率小市值策略,10年206倍,5年10.8倍",基本面选股策略
md,2024_1_origin_explain,"45.[原创]价值投资+期货对冲V4.0,无惧市场大跌.md",11,期货与做空,"[原创]价值投资+期货对冲V4.0,无惧市场大跌",期货/做空策略
md,2024_1_origin_explain,44.分享一个兼顾业绩增长和PEG指标的股票策略.md,04,基本面价值选股,分享一个兼顾业绩增长和PEG指标的股票策略,基本面选股策略
md,2024_1_origin_explain,17.5年超额收益1055%，K线处理大阴线，无未来.md,06,技术指标与形态,5年超额收益1055%，K线处理大阴线，无未来,技术指标策略
md,2024_1_origin_explain,47.随机森林量价多因子选股 短线交易.md,08,机器学习与AI,随机森林量价多因子选股 短线交易,机器学习策略
md,2024_1_origin_explain,30.挖掘中国特色的估值体系投资机会，年化150%+.md,04,基本面价值选股,挖掘中国特色的估值体系投资机会，年化150%+,基本面选股策略
md,2024_1_origin_explain,83.回测“一创模拟盘2号”，最终优化，年化39%.md,06,技术指标与形态,"回测""一创模拟盘2号""，最终优化，年化39%",技术指标策略
md,2024_1_origin_explain,100.全市场归因.md,15,其他,全市场归因,其他策略
md,2024_1_origin_explain,10.多因子宽基ETF择时轮动改进版-高收益大资金低回撤.md,05,择时策略,多因子宽基ETF择时轮动改进版-高收益大资金低回撤,择时策略
md,2024_1_origin_explain,66.SVR机器学习上证综指择时中小板财务选股策略.md,05,择时策略,SVR机器学习上证综指择时中小板财务选股策略,机器学习策略
md,2024_1_origin_explain,56.双人工智能配合，样本外夏普3.9.md,08,机器学习与AI,双人工智能配合，样本外夏普3.9,机器学习策略
md,2024_1_origin_explain,98.FScore9因子模型改进——RFScore7因子.md,04,基本面价值选股,FScore9因子模型改进——RFScore7因子,基本面选股策略
md,2024_1_origin_explain,80.【深度解析 一】经典小市值模型.md,01,小市值与微盘股,【深度解析 一】经典小市值模型,基本面选股策略
md,2024_1_origin_explain,13.5年15倍的收益，年化79.93%，可实盘，拿走不谢！.md,04,基本面价值选股,5年15倍的收益，年化79.93%，可实盘，拿走不谢！,基本面选股策略
md,2024_1_origin_explain,34.韶华研究之十八，201系列.md,15,其他,韶华研究之十八，201系列,其他策略
md,2024_1_origin_explain,79.SVR选股的小市值策略.md,01,小市值与微盘股,SVR选股的小市值策略,机器学习策略
md,2024_1_origin_explain,82.实盘模拟的小盘股策略，低频，带基本面优化以及个股风控.md,01,小市值与微盘股,实盘模拟的小盘股策略，低频，带基本面优化以及个股风控,基本面选股策略
md,2024_1_origin_explain,12.致敬聚宽机器学习多因子50只持仓14年37倍.md,08,机器学习与AI,致敬聚宽机器学习多因子50只持仓14年37倍,机器学习策略
md,2024_1_origin_explain,28.正黄旗大妈选股法，修改版，年化92%.md,01,小市值与微盘股,正黄旗大妈选股法，修改版，年化92%,基本面选股策略
md,2024_1_origin_explain,74.形态识别_单边上涨v3.md,06,技术指标与形态,形态识别_单边上涨v3,技术指标策略
md,2024_1_origin_explain,69.人工智能早晨十字星模型反转形态预测.md,08,机器学习与AI,人工智能早晨十字星模型反转形态预测,机器学习策略
md,2024_2_origin_explain,87.北上净买入策略.md,10,北向资金,北上净买入策略,北向资金策略
md,2024_2_origin_explain,74.【动量应用V1】12年120倍，根据研报思路调整.md,07,趋势跟踪与动量,【动量应用V1】12年120倍，根据研报思路调整,趋势跟踪/动量策略
md,2024_2_origin_explain,92.利用myTT库整合通达信公式——以“飞鹰优选”选股公式为例.md,06,技术指标与形态,"利用myTT库整合通达信公式——以""飞鹰优选""选股公式为例",技术指标策略
md,2024_2_origin_explain,76.ETF-控制回撤性能拉满（国债ETF增强).md,02,ETF轮动,ETF-控制回撤性能拉满（国债ETF增强）,ETF轮动策略
md,2024_2_origin_explain,6.PEG+成长+小市值+RSRS择时.md,01,小市值与微盘股,PEG+成长+小市值+RSRS择时,基本面选股策略
md,2024_2_origin_explain,16.ETF轮动策略升级-多类别-低回撤.md,02,ETF轮动,ETF轮动策略升级-多类别-低回撤,ETF轮动策略
md,2024_2_origin_explain,63.生猪期货CTA策略.md,11,期货与做空,生猪期货CTA策略,期货策略
md,2024_2_origin_explain,39.绩优小市值量化君也-模拟交易年化333.75%.md,01,小市值与微盘股,绩优小市值量化君也-模拟交易年化333.75%,基本面选股策略
md,2024_2_origin_explain,33.胜率88.9%之君正集团策略-大阳分歧反包.md,03,打板与龙头,胜率88.9%之君正集团策略-大阳分歧反包,龙头/涨停板策略
md,2024_2_origin_explain,21.行业ETF轮动+择时，15年至今年化收益35%，回撤16%.md,02,ETF轮动,行业ETF轮动+择时，15年至今年化收益35%，回撤16%,ETF轮动策略
md,2024_2_origin_explain,55.【复现】技术指标形态识别.md,06,技术指标与形态,【复现】技术指标形态识别,技术指标策略
md,2024_2_origin_explain,44.！！！最易上手的网格策略v2.0，设置几个参数就可以直接使用.md,15,其他,！！！最易上手的网格策略v2.0，设置几个参数就可以直接使用,网格交易策略
md,2024_2_origin_explain,37.三阳三阴战法.md,06,技术指标与形态,三阳三阴战法,技术指标策略
md,2024_2_origin_explain,"94.FoF, all in.md",14,资产配置与多策略组合,"FoF, all in",资产配置策略
md,2024_2_origin_explain,7.致敬经典作品——小兵哥《一致性风险度量》——极速版.md,14,资产配置与多策略组合,致敬经典作品——小兵哥《一致性风险度量》——极速版,资产配置策略
md,2024_2_origin_explain,10.龙头首阴战法改版二.md,03,打板与龙头,龙头首阴战法改版二,龙头/涨停板策略
md,2024_2_origin_explain,43.ETF动量因子评估.md,02,ETF轮动,ETF动量因子评估,ETF轮动策略
md,2024_2_origin_explain,85.价值策略重开，再次向Jqz1226致敬.md,04,基本面价值选股,价值策略重开，再次向Jqz1226致敬,基本面选股策略
md,2024_2_origin_explain,27.中证500指增+CTA，胜率52%盈亏比1.9。不输顶尖私募.md,11,期货与做空,中证500指增+CTA，胜率52%盈亏比1.9。不输顶尖私募,期货策略
md,2024_2_origin_explain,67.三因子策略年化21%简单多因子策略框架.md,04,基本面价值选股,三因子策略年化21%简单多因子策略框架,基本面选股策略
md,2024_2_origin_explain,73.实现净利润跳空策略.md,06,技术指标与形态,实现净利润跳空策略,技术指标策略
md,2024_2_origin_explain,93.因子看板多因子模型---由量化课堂多因子模型修改.md,04,基本面价值选股,因子看板多因子模型---由量化课堂多因子模型修改,基本面选股策略
md,2024_2_origin_explain,53.超跌网格交易大法V1.2：稳健跑赢大盘-年化13%回撤7%.md,12,超跌反弹,超跌网格交易大法V1.2：稳健跑赢大盘-年化13%回撤7%,超跌反弹策略
md,2024_2_origin_explain,75.ETF轮动策略-入门2.0.md,02,ETF轮动,ETF轮动策略-入门2.0,ETF轮动策略
md,2024_2_origin_explain,41.手把手教你“机器学习-动态多因子选股”(附保姆级教程).md,08,机器学习与AI,"手把手教你""机器学习-动态多因子选股""(附保姆级教程)",机器学习策略
md,2024_2_origin_explain,60.ETF动量轮动RSRS择时-v2.md,02,ETF轮动,ETF动量轮动RSRS择时-v2,ETF轮动策略
md,2024_2_origin_explain,84.多大规模的基金收益最好？偏股基金规模研究.md,15,其他,多大规模的基金收益最好？偏股基金规模研究,其他策略
md,2024_2_origin_explain,99.计算每日全A市场个股创新高比例(改).md,15,其他,计算每日全A市场个股创新高比例(改),其他策略
md,2024_2_origin_explain,58.ETF动量轮动RSRS与北上择时-股债平衡-盘中止损.md,02,ETF轮动,ETF动量轮动RSRS与北上择时-股债平衡-盘中止损,ETF轮动策略
md,2024_2_origin_explain,82.可转债知识总结.md,13,可转债,可转债知识总结,可转债策略
md,2024_2_origin_explain,12.全市场选股？7年5倍不择时，回撤30%左右.md,05,择时策略,全市场选股？7年5倍不择时，回撤30%左右,基本面选股策略
md,2024_2_origin_explain,30.【超跌反弹v1.0】3年2.3倍的超跌反弹小牛股.md,12,超跌反弹,【超跌反弹v1.0】3年2.3倍的超跌反弹小牛股,超跌反弹策略
md,2024_2_origin_explain,90.大师策略——柯林·麦克连成长价值优势投资法.md,04,基本面价值选股,大师策略——柯林·麦克连成长价值优势投资法,基本面选股策略
md,2024_2_origin_explain,34.【回撤二波2.0】透过一次过拟合的机器学习摸底策略的收益上限.md,08,机器学习与AI,【回撤二波2.0】透过一次过拟合的机器学习摸底策略的收益上限,机器学习策略
md,2024_2_origin_explain,54.sales_growth今年最优版.md,04,基本面价值选股,sales_growth今年最优版,基本面选股策略
md,2024_2_origin_explain,57.别人恐惧我贪婪3——年化20%的股债组合.md,14,资产配置与多策略组合,别人恐惧我贪婪3——年化20%的股债组合,资产配置策略
md,2024_2_origin_explain,59.年化62%的动量策略.md,07,趋势跟踪与动量,年化62%的动量策略,趋势跟踪/动量策略
md,2024_2_origin_explain,42.实盘出现的问题和解决办法.md,15,其他,实盘出现的问题和解决办法,其他策略
md,2024_2_origin_explain,81.低PB小市值低换手策略总结.md,01,小市值与微盘股,低PB小市值低换手策略总结,基本面选股策略
md,2024_2_origin_explain,56.一创PEG+EBIT+turnover_volatility.md,04,基本面价值选股,一创PEG+EBIT+turnover_volatility,基本面选股策略
md,2024_2_origin_explain,97.【涨停研究一】具有哪些因子的股票更容易涨停.md,03,打板与龙头,【涨停研究一】具有哪些因子的股票更容易涨停,龙头/涨停板策略
md,2024_2_origin_explain,89.年化收益55.7%， 超高胜率 0.799.md,15,其他,年化收益55.7%， 超高胜率 0.799,其他策略
md,2024_2_origin_explain,95.首席质量因子-Gross Profitabilit（简化版）.md,04,基本面价值选股,首席质量因子-Gross Profitabilit（简化版）,基本面选股策略
md,2024_2_origin_explain,48.一种宏观数据的中长线策略，年化15%，最大回撤9%.md,15,其他,一种宏观数据的中长线策略，年化15%，最大回撤9%,其他策略
md,2024_2_origin_explain,36.致敬市场(6) ，指数期货贴水.md,11,期货与做空,致敬市场(6) ，指数期货贴水,期货策略
md,2024_2_origin_explain,35.自适应量化终极算法2.0 （全新升级).md,08,机器学习与AI,自适应量化终极算法2.0 （全新升级）,机器学习策略
md,2024_2_origin_explain,80.短线策略-2022年两个半月收益45%-无未来函数.md,15,其他,短线策略-2022年两个半月收益45%-无未来函数,其他策略
md,2024_2_origin_explain,22.菜场大妈选股法.md,01,小市值与微盘股,菜场大妈选股法,基本面选股策略
md,2024_2_origin_explain,77.龙头弱转强战法.md,03,打板与龙头,龙头弱转强战法,龙头/涨停板策略
md,2024_2_origin_explain,70.（股票交易模板）小市值-EPS-成长因子选股.md,01,小市值与微盘股,（股票交易模板）小市值-EPS-成长因子选股,基本面选股策略
md,2024_2_origin_explain,100.【复现】金股组合增强—分析师推荐概率.md,15,其他,【复现】金股组合增强—分析师推荐概率,其他策略
md,2024_2_origin_explain,31.《趋势永存》持续16年跑赢大盘的真正靠谱策略.md,07,趋势跟踪与动量,《趋势永存》持续16年跑赢大盘的真正靠谱策略,趋势跟踪/动量策略
md,2024_2_origin_explain,51.行业反转效应（年化32%回撤8%).md,09,行业板块轮动,行业反转效应（年化32%回撤8%）,板块轮动策略
md,2024_2_origin_explain,68.胜率78%，6年36倍，今年行情依然50%年化.md,04,基本面价值选股,胜率78%，6年36倍，今年行情依然50%年化,基本面选股策略
md,2024_2_origin_explain,65.神级策略：桥水全天候策略-7年最大回撤仅3.5%.md,14,资产配置与多策略组合,神级策略：桥水全天候策略-7年最大回撤仅3.5%,资产配置策略
md,2024_2_origin_explain,18.动量ETF轮动-RSRS择时-卡尔曼滤波.md,02,ETF轮动,动量ETF轮动-RSRS择时-卡尔曼滤波,ETF轮动策略
md,2024_2_origin_explain,78.ffscore选股加rsrs择时.md,05,择时策略,ffscore选股加rsrs择时,基本面选股策略
md,2024_2_origin_explain,8.14个月200%，超短线实盘交易策略！无未来函数.md,06,技术指标与形态,14个月200%，超短线实盘交易策略！无未来函数,技术指标策略
md,2024_2_origin_explain,20.【复现】因子择时？？？.md,05,择时策略,【复现】因子择时？？？,其他策略
md,2024_2_origin_explain,96.集合竞价量比策略V1.md,03,打板与龙头,集合竞价量比策略V1,龙头/涨停板策略
md,2024_2_origin_explain,66.ETF动量轮动MA乖离择时.md,02,ETF轮动,ETF动量轮动MA乖离择时,ETF轮动策略
md,2024_2_origin_explain,24.宽基ETF动量轮动钝化RSRS择时-回撤小.md,02,ETF轮动,宽基ETF动量轮动钝化RSRS择时-回撤小,ETF轮动策略
md,2024_2_origin_explain,38.ETF动量轮动RSRS择时-魔改3-北向资金择时-再优化.md,10,北向资金,ETF动量轮动RSRS择时-魔改3-北向资金择时-再优化,北向资金策略
md,2024_2_origin_explain,62.【重构】C-VIX 中国版 VIX 编制手册.md,15,其他,【重构】C-VIX 中国版 VIX 编制手册,其他策略
md,2024_2_origin_explain,14.为实盘做的更新：分钟级别和盘中止损.md,06,技术指标与形态,为实盘做的更新：分钟级别和盘中止损,技术指标策略
md,2024_2_origin_explain,5.随机森林策略，低换手率，年化近50%.md,08,机器学习与AI,随机森林策略，低换手率，年化近50%,机器学习策略
md,2024_2_origin_explain,47.别人恐惧我贪婪——重视大盘择时.md,05,择时策略,别人恐惧我贪婪——重视大盘择时,其他策略
md,2024_2_origin_explain,49.修改成一创版本.md,04,基本面价值选股,修改成一创版本,基本面选股策略
md,2024_2_origin_explain,40.RSI学习贴.md,06,技术指标与形态,RSI学习贴,技术指标策略
md,2024_2_origin_explain,98.【漂亮50】“漂亮50”策略复现以及股息率排序函数.md,04,基本面价值选股,"【漂亮50】""漂亮50""策略复现以及股息率排序函数",基本面选股策略
md,2024_2_origin_explain,11.缠论交易策略.md,06,技术指标与形态,缠论交易策略,技术指标策略
md,2024_2_origin_explain,1.一颗耀眼的星—【回顾2】小市值成长股策略更新—改.md,01,小市值与微盘股,一颗耀眼的星—【回顾2】小市值成长股策略更新—改,基本面选股策略
md,2024_2_origin_explain,4.集合竞价摸奖策略1.0-致敬2022.md,03,打板与龙头,集合竞价摸奖策略1.0-致敬2022,龙头/涨停板策略
md,2024_2_origin_explain,83.开盘幅度决定日内方向.md,06,技术指标与形态,开盘幅度决定日内方向,技术指标策略
md,2024_2_origin_explain,2.ETF动量轮动RSRS择时-魔改3小优化.md,02,ETF轮动,ETF动量轮动RSRS择时-魔改3小优化,ETF轮动策略
md,2024_2_origin_explain,26.近几年一直有效的股票BOLL择时策略.md,05,择时策略,近几年一直有效的股票BOLL择时策略,技术指标策略
md,2024_2_origin_explain,9.分享几个截止2022年3月仍有效的策略.md,15,其他,分享几个截止2022年3月仍有效的策略,其他策略
md,2024_2_origin_explain,17.科技与狠活.md,15,其他,科技与狠活,其他策略
md,2024_2_origin_explain,72.随机森林 - 多因子模型.md,08,机器学习与AI,随机森林 - 多因子模型,机器学习策略
md,2024_2_origin_explain,46.韶华研究之十二--还算可以的竞价研究.md,03,打板与龙头,韶华研究之十二--还算可以的竞价研究,龙头/涨停板策略
md,2024_2_origin_explain,45.真真正正的诚意之作-2021超十倍.md,07,趋势跟踪与动量,真真正正的诚意之作-2021超十倍,趋势跟踪/动量策略
md,2024_2_origin_explain,19.【复现】高频价量相关性，意想不到的选股因子.md,09,行业板块轮动,【复现】高频价量相关性，意想不到的选股因子,板块轮动策略
md,2024_2_origin_explain,64.ETF轮动策略升级-增加盘中止损.md,02,ETF轮动,ETF轮动策略升级-增加盘中止损,ETF轮动策略
md,2024_2_origin_explain,61.简单ETF策略，年化97%.md,02,ETF轮动,简单ETF策略，年化97%,ETF轮动策略
md,2024_2_origin_explain,"32.追高概率涨停策略, 2022年化350%.md",03,打板与龙头,"追高概率涨停策略, 2022年化350%",龙头/涨停板策略
md,2024_2_origin_explain,28.【回顾2】小市值成长股策略更新SG-MS-PEG-HL.md,01,小市值与微盘股,【回顾2】小市值成长股策略更新SG-MS-PEG-HL,基本面选股策略
md,2024_2_origin_explain,29.【策略.行业轮动】趋势-拥挤-景气度模型看行业轮动.md,09,行业板块轮动,【策略.行业轮动】趋势-拥挤-景气度模型看行业轮动,板块轮动策略
md,2024_2_origin_explain,91.【复现】特征分布建模择时.md,05,择时策略,【复现】特征分布建模择时,其他策略
md,2024_2_origin_explain,71.期货日内策略三价均线结合ATR指标.md,11,期货与做空,期货日内策略三价均线结合ATR指标,期货策略
md,2024_2_origin_explain,13.【涨停研究三】连板股票收益统计与回测.md,03,打板与龙头,【涨停研究三】连板股票收益统计与回测,龙头/涨停板策略
md,2024_2_origin_explain,79.实盘一周50%的妖股探测器.md,03,打板与龙头,实盘一周50%的妖股探测器,龙头/涨停板策略
md,2024_2_origin_explain,28.【回顾2】小市值成长股策略更新FROEC-PB-CAP-HL.md,01,小市值与微盘股,【回顾2】小市值成长股策略更新SG-MS-PEG-HL,基本面选股策略
md,2024_2_origin_explain,3.截止到21年12月依然有效的小市值适配因子.md,01,小市值与微盘股,截止到21年12月依然有效的小市值适配因子,其他策略
md,2024_2_origin_explain,52.市场宽度——简洁版.md,15,其他,市场宽度——简洁版,其他策略
md,2024_2_origin_explain,50.ETF动量轮动RSRS择时-V2.1.md,02,ETF轮动,ETF动量轮动RSRS择时-V2.1,ETF轮动策略
md,2024_2_origin_explain,15.高股息低杠杆小市值轮动策略.md,01,小市值与微盘股,高股息低杠杆小市值轮动策略,基本面选股策略
md,2024_2_origin_explain,86.可转债双低策略.md,13,可转债,可转债双低策略,可转债策略
md,2024_2_origin_explain,25.年初至今4倍，极致的Day Trading，56.8%胜率.md,06,技术指标与形态,年初至今4倍，极致的Day Trading，56.8%胜率,技术指标策略
md,2024_2_origin_explain,88.打首板策略，今年收益达到40%，绝无未来函数（必回）.md,03,打板与龙头,打首板策略，今年收益达到40%，绝无未来函数（必回）,龙头/涨停板策略
md,2025_origin_explain,56基于趋势、拥挤、景气的行业轮动，及行业强势个股的选择.md,09,行业板块轮动,基于趋势、拥挤、景气的行业轮动,行业轮动策略类
md,2025_origin_explain,24大容量低回撤价值投资-排除小市值因子.md,04,基本面价值选股,大容量低回撤价值投资,价值投资类
md,2025_origin_explain,25冷饭热吃之三，14年至今年华99.99.md,15,其他,冷饭热吃之三，14年至今年华99.99,其他策略类
md,2025_origin_explain,2连板龙头策略.md,03,打板与龙头,连板龙头策略,打板策略类
md,2025_origin_explain,31蛇皮走位小市值策略V1.0.md,01,小市值与微盘股,蛇皮走位小市值策略V1.0,小市值策略类
md,2025_origin_explain,"35【菜场大妈】股息率小市值策略,10年206倍,5年10.8倍.md",01,小市值与微盘股,菜场大妈股息率小市值策略,小市值策略类
md,2025_origin_explain,19机器学习线性回归小市值.md,01,小市值与微盘股,机器学习线性回归小市值,机器学习/AI策略类
md,2025_origin_explain,88WY大神的“龙头打板”策略小改.md,03,打板与龙头,"WY大神的""龙头打板""策略小改",打板策略类
md,2025_origin_explain,70动态保形回归小市值策略改进.md,01,小市值与微盘股,动态保形回归小市值策略改进,机器学习/AI策略类
md,2025_origin_explain,55怎么让龟速变奔跑？以“首版突破一进二”为例.md,03,打板与龙头,首版突破一进二,打板策略类
md,2025_origin_explain,16集合竞价三合一，今年收益1067.md,03,打板与龙头,集合竞价三合一,打板策略类
md,2025_origin_explain,54发一个学习策略5年70倍，思路可以学习.md,15,其他,发一个学习策略5年70倍，思路可以学习,其他策略类
md,2025_origin_explain,83大小外择时小市值.md,01,小市值与微盘股,大小外择时小市值,择时策略类
md,2025_origin_explain,58Debug-输出信息-多标的版ETF策略(ETF复现之三）.md,02,ETF轮动,Debug-输出信息-多标的版ETF策略,ETF轮动策略类
md,2025_origin_explain,59追板策略，今年收益已翻倍，低操作低回撤高收益可实盘.md,03,打板与龙头,追板策略,打板策略类
md,2025_origin_explain,68wywy1995 首板低开策略代码优化，提快速度.md,03,打板与龙头,首板低开策略代码优化,打板策略类
md,2025_origin_explain,67大市值价投高股息爱国者策略（爱我中华）.md,04,基本面价值选股,大市值价投高股息爱国者策略,价值投资类
md,2025_origin_explain,98热点行业和热点概念-成分股-及龙一龙二龙三.md,09,行业板块轮动,热点行业和热点概念-成分股-及龙一龙二龙三,行业轮动策略类
md,2025_origin_explain,95学习贴《一个完整的-深度学习-神经网络pipeline》.md,08,机器学习与AI,学习贴《一个完整的-深度学习-神经网络pipeline》,机器学习/AI策略类
md,2025_origin_explain,92行业宽度轮动研究.md,09,行业板块轮动,行业宽度轮动研究,行业轮动策略类
md,2025_origin_explain,100使用K-means 聚类对基金分类.md,02,ETF轮动,使用K-means聚类对基金分类,ETF轮动策略类
md,2025_origin_explain,91ETF-T0动量策略，年化 18%，回撤3.31%.md,02,ETF轮动,ETF-T0动量策略,ETF轮动策略类
md,2025_origin_explain,90固收+.md,04,基本面价值选股,固收+,价值投资类
md,2025_origin_explain,15小市值排除3个bug版，22年至今收益506.md,01,小市值与微盘股,小市值排除3个bug版,小市值策略类
md,2025_origin_explain,38ETF策略之核心资产轮动（线性增加权重）.md,02,ETF轮动,ETF策略之核心资产轮动,ETF轮动策略类
md,2025_origin_explain,40高股息策略.md,04,基本面价值选股,高股息策略,价值投资类
md,2025_origin_explain,63.5年12倍-小市值.md,01,小市值与微盘股,5年12倍-小市值,小市值策略类
md,2025_origin_explain,79国九条-新的红利因子，修正「审计意见」函数.md,04,基本面价值选股,国九条-新的红利因子,价值投资类
md,2025_origin_explain,1首板低开策略.md,03,打板与龙头,首板低开策略,打板策略类
md,2025_origin_explain,17多品种ETF动量轮动+EPO优化.md,02,ETF轮动,多品种ETF动量轮动+EPO优化,ETF轮动策略类
md,2025_origin_explain,51“四大搅屎棍策略”学习笔记-有魔改.md,14,资产配置与多策略组合,"""四大搅屎棍策略""学习笔记-有魔改",多策略组合类
md,2025_origin_explain,44国九条 年化130.74% 回撤11% 众神Debug版.md,01,小市值与微盘股,国九条年化130.74%回撤11%,小市值策略类
md,2025_origin_explain,37微盘股扩散指数双均线择时.md,01,小市值与微盘股,微盘股扩散指数双均线择时,择时策略类
md,2025_origin_explain,23大盘择时，逻辑简单.md,05,择时策略,大盘择时，逻辑简单,择时策略类
md,2025_origin_explain,41SVR机器学习上证综指择时中小板财务选股策略.md,05,择时策略,SVR机器学习上证综指择时中小板财务选股策略,择时策略类
md,2025_origin_explain,27人工智能强化学习DQN交易智能体（回馈社区公开训练代码）.md,08,机器学习与AI,人工智能强化学习DQN交易智能体,机器学习/AI策略类
md,2025_origin_explain,61BiLSTM for ETF.md,08,机器学习与AI,BiLSTM for ETF,机器学习/AI策略类
md,2025_origin_explain,86手把手教你构建ETF策略候选池优化版.md,02,ETF轮动,手把手教你构建ETF策略候选池优化版,ETF轮动策略类
md,2025_origin_explain,89基于Gyro.大神的小市值策略的因子匹配研究.md,01,小市值与微盘股,基于Gyro.大神的小市值策略的因子匹配研究,小市值策略类
md,2025_origin_explain,12用子账户模拟多策略分仓.md,14,资产配置与多策略组合,用子账户模拟多策略分仓,多策略组合类
md,2025_origin_explain,48投资回报率ROIC中等市值.md,04,基本面价值选股,投资回报率ROIC中等市值,价值投资类
md,2025_origin_explain,7追首板涨停 过去两年年化304%.md,03,打板与龙头,追首板涨停,打板策略类
md,2025_origin_explain,62基金溢价（模拟效果好！）.md,02,ETF轮动,基金溢价（模拟效果好！）,ETF轮动策略类
md,2025_origin_explain,69“稳定摸狗策略”学习笔记.md,14,资产配置与多策略组合,"""稳定摸狗策略""学习笔记",多策略组合类
md,2025_origin_explain,"53TSmall-100, 微盘三正.md",01,小市值与微盘股,"TSmall-100, 微盘三正",小市值策略类
md,2025_origin_explain,57韶华研究之十八，201系列.md,15,其他,韶华研究之十八，201系列,其他策略类
md,2025_origin_explain,84正黄旗大妈选股改进-加入涨停卖出后的买入，提高资金利用率.md,01,小市值与微盘股,正黄旗大妈选股改进,小市值策略类
md,2025_origin_explain,42国九条：三年分红5千万以下且占净利润30以下将被ST.md,01,小市值与微盘股,国九条：三年分红5千万以下且占净利润30以下将被ST,其他策略类
md,2025_origin_explain,28韶华研究之十九，一致性用在微盘控制回撤.md,01,小市值与微盘股,韶华研究之十九，一致性用在微盘控制回撤,小市值策略类
md,2025_origin_explain,45此消彼长.md,15,其他,此消彼长,其他策略类
md,2025_origin_explain,26波动率过滤后相关性最小etf轮动.md,02,ETF轮动,波动率过滤后相关性最小etf轮动,ETF轮动策略类
md,2025_origin_explain,72量化进阶学习笔记——打板策略.md,03,打板与龙头,量化进阶学习笔记——打板策略,打板策略类
md,2025_origin_explain,6国九小市值策略【年化100.5】.md,01,小市值与微盘股,国九小市值策略,小市值策略类
md,2025_origin_explain,8国九条后中小板微盘小改，年化135.40.md,01,小市值与微盘股,国九条后中小板微盘小改,小市值策略类
md,2025_origin_explain,3、5年15倍的收益，年化79.93，可实盘，拿走不谢！.md,15,其他,5年15倍的收益，年化79.93,其他策略类
md,2025_origin_explain,10.10年52倍，年化59，全新因子方法超稳定.md,15,其他,10年52倍，年化59，全新因子方法超稳定,其他策略类
md,2025_origin_explain,47多策略整合大E小十年百倍（年化64）.md,14,资产配置与多策略组合,多策略整合大E小十年百倍,多策略组合类
md,2025_origin_explain,99韶华研究之二十，竞价异动.md,03,打板与龙头,韶华研究之二十，竞价异动,打板策略类
md,2025_origin_explain,85稳健型ETF策略.md,02,ETF轮动,稳健型ETF策略,ETF轮动策略类
md,2025_origin_explain,39干积分-大小盘反复横跳V2.0.md,01,小市值与微盘股,干积分-大小盘反复横跳V2.0,ETF轮动策略类
md,2025_origin_explain,80基本面01加RSI择时.md,05,择时策略,基本面01加RSI择时,择时策略类
md,2025_origin_explain,29穿越牛熊2.0(非小市值)年化50%的cta策略.md,01,小市值与微盘股,穿越牛熊2.0(非小市值)年化50%的cta策略,其他策略类
md,2025_origin_explain,5四大搅屎棍策略.md,14,资产配置与多策略组合,四大搅屎棍策略,多策略组合类
md,2025_origin_explain,75大市值价值投资优化一波.md,04,基本面价值选股,大市值价值投资优化一波,价值投资类
md,2025_origin_explain,4高股息低市盈率高增长的价投策略.md,04,基本面价值选股,高股息低市盈率高增长的价投策略,价值投资类
md,2025_origin_explain,18国庆节献礼：实例说明白马股攻防转换策略.md,15,其他,国庆节献礼：实例说明白马股攻防转换策略,其他策略类
md,2025_origin_explain,11低风险中等收益策略.md,15,其他,低风险中等收益策略,其他策略类
md,2025_origin_explain,30错杀反弹，掌握人性规律，开启投资新纪元.md,15,其他,错杀反弹，掌握人性规律,其他策略类
md,2025_origin_explain,66手把手教你构建ETF策略候选池.md,02,ETF轮动,手把手教你构建ETF策略候选池,ETF轮动策略类
md,2025_origin_explain,93.234板介入-2023年14倍-无未来.md,03,打板与龙头,234板介入-2023年14倍,打板策略类
md,2025_origin_explain,65搭建量化交易模型从零开始——择时，选股，仓位管理和因子分析.md,15,其他,搭建量化交易模型从零开始,其他策略类
md,2025_origin_explain,14安全摸狗策略.md,15,其他,安全摸狗策略,其他策略类
md,2025_origin_explain,50分享一种K线小碎步后突破的分钟级打法.md,15,其他,,
md,2025_origin_explain,43小市值再优化【年化98 回撤27】无未来函数.md,01,小市值与微盘股,小市值再优化,小市值策略类
md,2025_origin_explain,81搞市场最靓的仔！指数ETF动量轮动策略-2.md,02,ETF轮动,搞市场最靓的仔！指数ETF动量轮动策略-2,ETF轮动策略类
md,2025_origin_explain,9干积分-量化策略简易框架.md,15,其他,干积分-量化策略简易框架,其他策略类
md,2025_origin_explain,49干货贴《机器学习5折保形回归》 .md,08,机器学习与AI,干货贴《机器学习5折保形回归》,机器学习/AI策略类
md,2025_origin_explain,73微盘400每日再平衡.md,01,小市值与微盘股,微盘400每日再平衡,小市值策略类
md,2025_origin_explain,96首版+2版龙虎榜挖掘V2.0，年化1400.md,03,打板与龙头,首版+2版龙虎榜挖掘V2.0,打板策略类
md,2025_origin_explain,78首板低开策略-终极版 最大回撤15%，年化50%.md,03,打板与龙头,首板低开策略-终极版,打板策略类
md,2025_origin_explain,64大小外择时小市值3.0.md,01,小市值与微盘股,大小外择时小市值3.0,择时策略类
md,2025_origin_explain,74趋势筛选后相关性最小etf轮动.md,02,ETF轮动,趋势筛选后相关性最小etf轮动,ETF轮动策略类
md,2025_origin_explain,60高股息V1.0（小程序公开股池）.md,04,基本面价值选股,高股息V1.0,价值投资类
md,2025_origin_explain,21【原创】年化123涨停弱转强竞价战法.md,03,打板与龙头,年化123涨停弱转强竞价战法,打板策略类
md,2025_origin_explain,52机器学习滚动训练价投策略.md,08,机器学习与AI,机器学习滚动训练价投策略,机器学习/AI策略类
md,2025_origin_explain,46高增股池小市值轮动.md,01,小市值与微盘股,高增股池小市值轮动,小市值策略类
md,2025_origin_explain,76小市值止损策略【年化104.11】.md,01,小市值与微盘股,小市值止损策略,小市值策略类
md,2025_origin_explain,94别人“拿的住”的股票最赚钱.md,04,基本面价值选股,"别人""拿的住""的股票最赚钱",价值投资类
md,2025_origin_explain,36快过年了。不想呆在小市值的，可以拿这个策略躲一躲.md,15,其他,,
md,2025_origin_explain,20小盘股动态调仓，100只10年17倍.md,01,小市值与微盘股,小盘股动态调仓,小市值策略类
md,2025_origin_explain,33回馈社区顺便搞积分《一个完整的机器学习pipeline》.md,08,机器学习与AI,回馈社区顺便搞积分《一个完整的机器学习pipeline》,机器学习/AI策略类
md,2025_origin_explain,77研报三因子II-新规高分红小市值-年化60回撤19.md,04,基本面价值选股,研报三因子II-新规高分红小市值,价值投资类
md,2025_origin_explain,32EPO优化低相关etf组合.md,02,ETF轮动,EPO优化低相关etf组合,ETF轮动策略类
md,2025_origin_explain,87山寨红利.md,04,基本面价值选股,山寨红利,价值投资类
md,2025_origin_explain,13首板高开-低开-弱转强混合策略（今年收益1138.61）.md,03,打板与龙头,首板高开-低开-弱转强混合策略,打板策略类
md,2025_origin_explain,82回报社区——基于Gyro老师策略的思考.md,01,小市值与微盘股,基于Gyro老师策略的思考,小市值策略类
md,2025_origin_explain,34十年回测 年化103.32% 最大回撤23.89%.md,15,其他,十年回测年化103.32%最大回撤23.89%,其他策略类
md,2025_origin_explain,22带上止损的核心资产轮动才更安心，低回撤，高收益率.md,02,ETF轮动,带上止损的核心资产轮动,ETF轮动策略类
py,2023_origin_py,29.价值成长轮动策略.py,04,基本面价值选股,价值成长轮动策略,基本面选股策略
py,2023_origin_py,43.集合竞价摸奖策略1.0-致敬2022.py,03,打板与龙头,集合竞价摸奖策略1.0,龙头/涨停板策略
py,2023_origin_py,8.iAlpha 基金投资策略.py,11,期货与做空,iAlpha 基金投资策略,股指期货策略
py,2023_origin_py,23.低AH溢价选股.py,04,基本面价值选股,低AH溢价选股,基本面选股策略
py,2023_origin_py,48.【漂亮50 2.0止损版本】为了降低回撤，加入择时止损模块.py,05,择时策略,【漂亮50 2.0止损版本】为了降低回撤，加入择时止损模块,趋势跟踪策略
py,2023_origin_py,54.ETF轮动策略-入门1.0.py,02,ETF轮动,ETF轮动策略-入门1.0,ETF轮动策略
py,2023_origin_py,82.势的度量.py,07,趋势跟踪与动量,势的度量,趋势跟踪策略
py,2023_origin_py,69.选取向上趋势的股票.py,06,技术指标与形态,选取向上趋势的股票,技术指标策略
py,2023_origin_py,17.20行代码8年胜率100%躲过了牛年第一场大跌.py,06,技术指标与形态,20行代码8年胜率100%躲过了牛年第一场大跌,技术指标策略
py,2023_origin_py,44.海龟突破系统，19-21年化150，无未来函数和过拟合.py,06,技术指标与形态,海龟突破系统，19-21年化150，无未来函数和过拟合,技术指标策略
py,2023_origin_py,89.2019年到现在90多倍的新策略.py,03,打板与龙头,2019年到现在90多倍的新策略,龙头/涨停板策略
py,2023_origin_py,62.3年复合200+%收益+超低回撤11%以内，无惧大跌.py,06,技术指标与形态,3年复合200+%收益+超低回撤11%以内，无惧大跌,技术指标策略
py,2023_origin_py,85.最新解密--追涨龙头打板策略-适合近期实盘行情.py,03,打板与龙头,最新解密--追涨龙头打板策略,龙头/涨停板策略
py,2023_origin_py,70.回踩均线搏反弹，21年来70%，无未来（测试第一弹）.py,06,技术指标与形态,回踩均线搏反弹，21年来70%，无未来（测试第一弹）,技术指标策略
py,2023_origin_py,34.超稳+翻倍，贝塔值只有0.048的期指策略.py,11,期货与做空,超稳+翻倍，贝塔值只有0.048的期指策略,股指期货策略
py,2023_origin_py,60.抄底神器2.0，低回撤，高成功率，无未来函数.py,12,超跌反弹,抄底神器2.0，低回撤，高成功率，无未来函数,超跌反弹策略
py,2023_origin_py,81.拥挤率指标-择时大盘顶底-Clone1-第二版.py,05,择时策略,拥挤率指标-择时大盘顶底-Clone1-第二版,其他策略
py,2023_origin_py,66.基于动量和反转效应的沪深300成分股策略.py,06,技术指标与形态,基于动量和反转效应的沪深300成分股策略,技术指标策略
py,2023_origin_py,26.追涨大师（超额142）.py,06,技术指标与形态,追涨大师（超额142）,技术指标策略
py,2023_origin_py,31.北向Boll带_ETF组合宝付费策略.py,10,北向资金,北向Boll带_ETF组合宝付费策略,北向资金策略
py,2023_origin_py,96.市场宽度20210622.py,15,其他,市场宽度20210622,其他策略
py,2023_origin_py,41.大盘拥挤率极速版-180天3秒.py,05,择时策略,大盘拥挤率极速版-180天3秒,其他策略
py,2023_origin_py,11.致敬市场--5 定投ETF之躺平赢.py,02,ETF轮动,致敬市场--5 定投ETF之躺平赢,ETF轮动策略
py,2023_origin_py,40.再改进可实盘-默默赚钱系列-风险控制-增强版本-V5.0.py,07,趋势跟踪与动量,再改进可实盘-默默赚钱系列-风险控制-增强版本-V5.0,趋势跟踪策略
py,2023_origin_py,27.从相关系数角度探讨etf轮动的可行性.py,02,ETF轮动,从相关系数角度探讨etf轮动的可行性,ETF轮动策略
py,2023_origin_py,13.胜率65%之缩量分歧反包战法.py,03,打板与龙头,胜率65%之缩量分歧反包战法,龙头/涨停板策略
py,2023_origin_py,52.筹码选股.py,04,基本面价值选股,筹码选股,基本面选股策略
py,2023_origin_py,38.随机森林策略，低换手率，年化近50%.py,08,机器学习与AI,随机森林策略，低换手率，年化近50%,机器学习策略
py,2023_origin_py,94.可转债回测.py,13,可转债,可转债回测,可转债策略
py,2023_origin_py,18.【复现】FFScore财务模型.py,04,基本面价值选股,【复现】FFScore财务模型,基本面选股策略
py,2023_origin_py,42.二板排板战法研究.py,03,打板与龙头,二板排板战法研究,龙头/涨停板策略
py,2023_origin_py,68.宽基BBI动量追涨，完美避开这波大跌~.py,02,ETF轮动,宽基BBI动量追涨，完美避开这波大跌~,ETF轮动策略
py,2023_origin_py,77.【基金增强思考2.0】优秀基金的持续性与周期的关系密不可分.py,15,其他,【基金增强思考2.0】优秀基金的持续性与周期的关系密不可分,其他策略
py,2023_origin_py,4.8年10倍，回撤小，有滑点！ETF动量简单轮动策略！.py,02,ETF轮动,8年10倍，回撤小，有滑点！ETF动量简单轮动策略！,ETF轮动策略
py,2023_origin_py,15.动量ETF轮动RSRS择时-升级.py,02,ETF轮动,动量ETF轮动RSRS择时-升级,ETF轮动策略
py,2023_origin_py,12.【不含未来！】宽基etf轮动8年50倍年化60%.py,02,ETF轮动,【不含未来！】宽基etf轮动8年50倍年化60%,ETF轮动策略
py,2023_origin_py,47.动量ETF轮动-RSRS择时-卡尔曼滤波.py,02,ETF轮动,动量ETF轮动-RSRS择时-卡尔曼滤波,ETF轮动策略
py,2023_origin_py,74.勾股神器2代码40行，年化一百点.py,06,技术指标与形态,勾股神器2代码40行，年化一百点,技术指标策略
py,2023_origin_py,2.多策略融合-80倍-无未来函数.py,03,打板与龙头,多策略融合,龙头/涨停板策略
py,2023_origin_py,71.lightGBM.py,08,机器学习与AI,lightGBM,机器学习策略
py,2023_origin_py,99.全市场选股？7年5倍不择时，回撤30%左右.py,05,择时策略,全市场选股？7年5倍不择时，回撤30%左右,基本面选股策略
py,2023_origin_py,57.韶华研究之四-菲阿里四阶在T+1的短线策略应用.py,06,技术指标与形态,韶华研究之四-菲阿里四阶在T+1的短线策略应用,技术指标策略
py,2023_origin_py,63.A股最强板块动量趋势（最终版）.py,09,行业板块轮动,A股最强板块动量趋势（最终版）,板块轮动策略
py,2023_origin_py,86.【基本面三角3.0】看过之前策略的就略过吧.py,04,基本面价值选股,【基本面三角3.0】看过之前策略的就略过吧,基本面选股策略
py,2023_origin_py,3.苦咖啡-默默赚钱系列-改.py,06,技术指标与形态,苦咖啡-默默赚钱系列-改,技术指标策略
py,2023_origin_py,95.【复现】高频价量相关性，意想不到的选股因子.py,15,其他,【复现】高频价量相关性，意想不到的选股因子,其他策略
py,2023_origin_py,25.这个可入得了你们法眼.py,04,基本面价值选股,这个可入得了你们法眼,基本面选股策略
py,2023_origin_py,59.可能是最接近实盘的“基本面三角.py,04,基本面价值选股,"可能是最接近实盘的""基本面三角",基本面选股策略
py,2023_origin_py,61.分享一个最近两年非常有效的因子.py,07,趋势跟踪与动量,分享一个最近两年非常有效的因子,趋势跟踪策略
py,2023_origin_py,19.人人可躺平16年3400%.py,07,趋势跟踪与动量,人人可躺平16年3400%,趋势跟踪策略
py,2023_origin_py,33.趋势交易5.0 无择时-2年5倍不是梦.py,05,择时策略,趋势交易5.0 无择时-2年5倍不是梦,技术指标策略
py,2023_origin_py,35.最简强者恒强策略.py,06,技术指标与形态,最简强者恒强策略,技术指标策略
py,2023_origin_py,97.韶华研究之六，简单不一样的发现趋势，3年6倍.py,06,技术指标与形态,韶华研究之六，简单不一样的发现趋势，3年6倍,技术指标策略
py,2023_origin_py,37.ETF动量轮动RSRS择时-魔改4-低通滤波.py,02,ETF轮动,ETF动量轮动RSRS择时-魔改4-低通滤波,ETF轮动策略
py,2023_origin_py,53.利用聚宽的数据库，研究基金.py,15,其他,利用聚宽的数据库，研究基金,其他策略
py,2023_origin_py,5.87.5%胜率之分歧反包二板.py,03,打板与龙头,87.5%胜率之分歧反包二板,龙头/涨停板策略
py,2023_origin_py,16.8年13倍的ETF动量轮动策略，有滑点，无未来函数，回撤小！.py,02,ETF轮动,8年13倍的ETF动量轮动策略，有滑点，无未来函数，回撤小！,ETF轮动策略
py,2023_origin_py,21.截止到21年12月依然有效的小市值适配因子.py,01,小市值与微盘股,截止到21年12月依然有效的小市值适配因子,基本面选股策略
py,2023_origin_py,84.对 二板排板战法 的部分优化.py,03,打板与龙头,对 二板排板战法 的部分优化,龙头/涨停板策略
py,2023_origin_py,79.过滤两个因子，12年15倍的roa选股500指数增强.py,04,基本面价值选股,过滤两个因子，12年15倍的roa选股500指数增强,基本面选股策略
py,2023_origin_py,20.北向资金股票轮动-优质策略可直接实盘.py,10,北向资金,北向资金股票轮动-优质策略可直接实盘,北向资金策略
py,2023_origin_py,93.布林线追龙头战法.py,03,打板与龙头,布林线追龙头战法,龙头/涨停板策略
py,2023_origin_py,88.韶华研究之二，顺势而为，年化140.py,06,技术指标与形态,韶华研究之二，顺势而为，年化140,技术指标策略
py,2023_origin_py,24.ROE+PB模型的优化.py,04,基本面价值选股,ROE+PB模型的优化,基本面选股策略
py,2023_origin_py,22.简单到发指的股指策略(2013到现在收益10949%).py,11,期货与做空,简单到发指的股指策略(2013到现在收益10949%),股指期货策略
py,2023_origin_py,30.跟着基金报团！！！174% 回撤 7.33%.py,09,行业板块轮动,跟着基金报团！！！174% 回撤 7.33%,板块轮动策略
py,2023_origin_py,56.韶华研究之五-ETF轮动，躺赚，夏普2.py,02,ETF轮动,韶华研究之五-ETF轮动，躺赚，夏普2,ETF轮动策略
py,2023_origin_py,28.F_Score 选股，年化80%+.py,04,基本面价值选股,F_Score 选股，年化80%+,基本面选股策略
py,2023_origin_py,98.欧奈尔CANSLIM策略初探三.py,04,基本面价值选股,欧奈尔CANSLIM策略初探三,基本面选股策略
py,2023_origin_py,83.韶华研究之一，布林突破+均线金叉，四年五倍.py,06,技术指标与形态,韶华研究之一，布林突破+均线金叉，四年五倍,技术指标策略
py,2023_origin_py,73.MACD多周期共振，精准打击！.py,06,技术指标与形态,MACD多周期共振，精准打击！,技术指标策略
py,2023_origin_py,6.21年度6.为了挣点积分自己实盘的策略分享出来.py,03,打板与龙头,21年度6.为了挣点积分自己实盘的策略分享出来,龙头/涨停板策略
py,2023_origin_py,55.【分享】券商金股组合增强.py,15,其他,【分享】券商金股组合增强,其他策略
py,2023_origin_py,0.7年40倍，模拟超过两年，年化高回撤低.py,15,其他,7年40倍，模拟超过两年，年化高回撤低,其他策略
py,2023_origin_py,1.龙头底分型战法-两年23倍.py,03,打板与龙头,龙头底分型战法,龙头/涨停板策略
py,2023_origin_py,80.趋与势的量化定义.py,07,趋势跟踪与动量,趋与势的量化定义,趋势跟踪策略
py,2023_origin_py,14.2020年 267%年化 13%回撤 上涨趋势策略修改版.py,06,技术指标与形态,2020年 267%年化 13%回撤 上涨趋势策略修改版,技术指标策略
py,2023_origin_py,50.缠论交易策略.py,06,技术指标与形态,缠论交易策略,技术指标策略
py,2023_origin_py,90.一个月轮动股票换仓，内日做T，相对高频交易.py,15,其他,一个月轮动股票换仓，内日做T，相对高频交易,其他策略
py,2023_origin_py,45.敢于直接实盘的—八仙过海V2.py,03,打板与龙头,敢于直接实盘的—八仙过海V2,龙头/涨停板策略
py,2023_origin_py,87.【股指期货】收盘折溢价策略.py,11,期货与做空,【股指期货】收盘折溢价策略,股指期货策略
py,2023_origin_py,76.半年6.5倍--次新股排板一式.py,03,打板与龙头,半年6.5倍--次新股排板一式,龙头/涨停板策略
py,2023_origin_py,64.韶华研究之七--不可多得的基本面三角.py,04,基本面价值选股,韶华研究之七--不可多得的基本面三角,基本面选股策略
py,2023_origin_py,51.龙头战法之单阳不破.py,03,打板与龙头,龙头战法之单阳不破,龙头/涨停板策略
py,2023_origin_py,65.PB-POE+双均线--加入jq以来第一个成功的交易策略 一.py,04,基本面价值选股,PB-POE+双均线--加入jq以来第一个成功的交易策略 一,基本面选股策略
py,2023_origin_py,49.【7日趋势】交易策略.py,06,技术指标与形态,【7日趋势】交易策略,技术指标策略
py,2023_origin_py,92.【超跌反弹v1.0】3年2.3倍的超跌反弹小牛股.py,12,超跌反弹,【超跌反弹v1.0】3年2.3倍的超跌反弹小牛股,超跌反弹策略
py,2023_origin_py,10.一个简单而持续稳定的懒人超额收益策略.py,15,其他,一个简单而持续稳定的懒人超额收益策略,其他策略
py,2023_origin_py,75.机器学习策略分享.py,08,机器学习与AI,机器学习策略分享,机器学习策略
py,2023_origin_py,91.致敬市场--4 解析细节.py,07,趋势跟踪与动量,致敬市场--4 解析细节,趋势跟踪策略
py,2023_origin_py,58.北向RSRS与布林带择时.py,05,择时策略,北向RSRS与布林带择时,北向资金策略
py,2023_origin_py,78.EPS+MS因子的大盘蓝筹策略.py,04,基本面价值选股,EPS+MS因子的大盘蓝筹策略,基本面选股策略
py,2023_origin_py,72.优化了一下宽基etf追涨的策略，值得深入研究.py,07,趋势跟踪与动量,优化了一下宽基etf追涨的策略，值得深入研究,趋势跟踪策略
py,2023_origin_py,32.最适合上班族的策略-神奇公式策略.py,04,基本面价值选股,最适合上班族的策略-神奇公式策略,基本面选股策略
py,2023_origin_py,7.ETF动量轮动RSRS择时-魔改3小优化.py,02,ETF轮动,ETF动量轮动RSRS择时-魔改3小优化,ETF轮动策略
py,2023_origin_py,39.低风险高收益的期货策略.py,11,期货与做空,低风险高收益的期货策略,股指期货策略
py,2023_origin_py,36.PEG+EBIT对小市值因子的优化.py,01,小市值与微盘股,PEG+EBIT对小市值因子的优化,基本面选股策略
py,2023_origin_py,46.年化46%的北向资金+20日涨幅的创业板策略.py,10,北向资金,年化46%的北向资金+20日涨幅的创业板策略,北向资金策略
py,2024_1_origin_py,8.科技与狠活.py,01,小市值与微盘股,科技与狠活,小市值/微盘股策略
py,2024_1_origin_py,75.【复现】个股动量效应的识别及球队硬币因子.py,07,趋势跟踪与动量,【复现】个股动量效应的识别及球队硬币因子,动量策略
py,2024_1_origin_py,70.致敬市场(12)——赚钱的策略.py,02,ETF轮动,致敬市场(12)——赚钱的策略,ETF轮动策略
py,2024_1_origin_py,53.微盘400每日再平衡.py,01,小市值与微盘股,微盘400每日再平衡,小市值/微盘股策略
py,2024_1_origin_py,18.微盘股研究.py,01,小市值与微盘股,微盘股研究,小市值/微盘股策略
py,2024_1_origin_py,96.大盘预测器v1.1--引入世界数据.py,05,择时策略,大盘预测器v1.1--引入世界数据,择时策略
py,2024_1_origin_py,94.大市值小市值今年的一些分析，然后尝试预测小市值行情.py,15,其他,大市值小市值今年的一些分析，然后尝试预测小市值行情,其他策略
py,2024_1_origin_py,62.分享一种K线小碎步后突破的分钟级打法.py,06,技术指标与形态,分享一种K线小碎步后突破的分钟级打法,技术指标策略
py,2024_1_origin_py,35.5年12倍-小市值.py,01,小市值与微盘股,5年12倍-小市值,小市值/微盘股策略
py,2024_1_origin_py,41.人工智能强化学习DQN交易智能体（回馈社区公开训练代码）.py,08,机器学习与AI,人工智能强化学习DQN交易智能体（回馈社区公开训练代码）,机器学习策略
py,2024_1_origin_py,15.10年52倍，年化59%，全新因子方法超稳定.py,04,基本面价值选股,10年52倍，年化59%，全新因子方法超稳定,多因子策略
py,2024_1_origin_py,64.基于XGBoost6m滚动选股策略.py,08,机器学习与AI,基于XGBoost6m滚动选股策略,机器学习策略
py,2024_1_origin_py,24.凑波热闹，也来试试多因子线性回归.py,04,基本面价值选股,凑波热闹，也来试试多因子线性回归,多因子策略
py,2024_1_origin_py,29.高增股池小市值轮动.py,01,小市值与微盘股,高增股池小市值轮动,基本面选股策略
py,2024_1_origin_py,91.【复现】多任务时序动量策略.py,07,趋势跟踪与动量,【复现】多任务时序动量策略,动量策略
py,2024_1_origin_py,39.大资金优质股策略，总收益1217%！无小市值因子！.py,04,基本面价值选股,大资金优质股策略，总收益1217%！无小市值因子！,基本面选股策略
py,2024_1_origin_py,1.差不多得了.py,01,小市值与微盘股,差不多得了,小市值/微盘股策略
py,2024_1_origin_py,81.方正证券-多因子选股系列研究之四：“球队硬币”.py,04,基本面价值选股,"方正证券-多因子选股系列研究之四：""球队硬币""",多因子策略
py,2024_1_origin_py,88.韶华研究之十六，指数增强.py,02,ETF轮动,韶华研究之十六，指数增强,基金策略
py,2024_1_origin_py,90.【复现】凸显度因子.py,07,趋势跟踪与动量,【复现】凸显度因子,动量策略
py,2024_1_origin_py,59.基于Gyro^.^大神的小市值策略的因子匹配研究.py,01,小市值与微盘股,基于Gyro^.^大神的小市值策略的因子匹配研究,小市值/微盘股策略
py,2024_1_origin_py,78.国盛证券多因子.py,04,基本面价值选股,国盛证券多因子,多因子策略
py,2024_1_origin_py,42.大盘ETF动量轮动RSRS择时策略-无纳指（5年半861%）.py,05,择时策略,大盘ETF动量轮动RSRS择时策略-无纳指（5年半861%）,择时策略
py,2024_1_origin_py,23.wywy1995大神机器学习策略年化提升35pt.py,08,机器学习与AI,wywy1995大神机器学习策略年化提升35pt,机器学习策略
py,2024_1_origin_py,56.双人工智能配合，样本外夏普3.9.py,08,机器学习与AI,双人工智能配合，样本外夏普3.9,机器学习策略
py,2024_1_origin_py,98.FScore9因子模型改进——RFScore7因子.py,04,基本面价值选股,FScore9因子模型改进——RFScore7因子,基本面选股策略
py,2024_1_origin_py,66.SVR机器学习上证综指择时中小板财务选股策略.py,05,择时策略,SVR机器学习上证综指择时中小板财务选股策略,机器学习策略
py,2024_1_origin_py,10.多因子宽基ETF择时轮动改进版-高收益大资金低回撤.py,05,择时策略,多因子宽基ETF择时轮动改进版-高收益大资金低回撤,择时策略
py,2024_1_origin_py,100.全市场归因.py,15,其他,全市场归因,其他策略
py,2024_1_origin_py,69.人工智能早晨十字星模型反转形态预测.py,08,机器学习与AI,人工智能早晨十字星模型反转形态预测,机器学习策略
py,2024_1_origin_py,74.形态识别_单边上涨v3.py,06,技术指标与形态,形态识别_单边上涨v3,技术指标策略
py,2024_1_origin_py,28.正黄旗大妈选股法，修改版，年化92%.py,01,小市值与微盘股,正黄旗大妈选股法，修改版，年化92%,基本面选股策略
py,2024_1_origin_py,12.致敬聚宽机器学习多因子50只持仓14年37倍.py,08,机器学习与AI,致敬聚宽机器学习多因子50只持仓14年37倍,机器学习策略
py,2024_1_origin_py,82.实盘模拟的小盘股策略，低频，带基本面优化以及个股风控.py,01,小市值与微盘股,实盘模拟的小盘股策略，低频，带基本面优化以及个股风控,基本面选股策略
py,2024_1_origin_py,79.SVR选股的小市值策略.py,01,小市值与微盘股,SVR选股的小市值策略,机器学习策略
py,2024_1_origin_py,13.5年15倍的收益，年化79.93%，可实盘，拿走不谢！.py,04,基本面价值选股,5年15倍的收益，年化79.93%，可实盘，拿走不谢！,基本面选股策略
py,2024_1_origin_py,34.韶华研究之十八，201系列.py,15,其他,韶华研究之十八，201系列,其他策略
py,2024_1_origin_py,80.【深度解析 一】经典小市值模型.py,01,小市值与微盘股,【深度解析 一】经典小市值模型,基本面选股策略
py,2024_1_origin_py,20.有赚就好-小市值剥头皮改进 2年3.86%回撤.py,01,小市值与微盘股,有赚就好-小市值剥头皮改进 2年3.86%回撤,小市值/微盘股策略
py,2024_1_origin_py,55.Ahfu的大市值价值投资加自定义邮箱推送.py,04,基本面价值选股,Ahfu的大市值价值投资加自定义邮箱推送,基本面选股策略
py,2024_1_origin_py,71.小试多因子策略，年化65%.py,04,基本面价值选股,小试多因子策略，年化65%,多因子策略
py,2024_1_origin_py,43.ETF轮动：年化收益82.68%，最大回撤13.54%.py,02,ETF轮动,ETF轮动：年化收益82.68%，最大回撤13.54%,ETF轮动策略
py,2024_1_origin_py,63.怎么让龟速变奔跑？以“首版突破一进二”为例.py,03,打板与龙头,"怎么让龟速变奔跑？以""首版突破一进二""为例",龙头/涨停板策略
py,2024_1_origin_py,83.回测“一创模拟盘2号”，最终优化，年化39%.py,06,技术指标与形态,"回测""一创模拟盘2号""，最终优化，年化39%",技术指标策略
py,2024_1_origin_py,30.挖掘中国特色的估值体系投资机会，年化150%+.py,04,基本面价值选股,挖掘中国特色的估值体系投资机会，年化150%+,基本面选股策略
py,2024_1_origin_py,47.随机森林量价多因子选股 短线交易.py,08,机器学习与AI,随机森林量价多因子选股 短线交易,机器学习策略
py,2024_1_origin_py,17.5年超额收益1055%，K线处理大阴线，无未来.py,06,技术指标与形态,5年超额收益1055%，K线处理大阴线，无未来,技术指标策略
py,2024_1_origin_py,44.分享一个兼顾业绩增长和PEG指标的股票策略.py,04,基本面价值选股,分享一个兼顾业绩增长和PEG指标的股票策略,基本面选股策略
py,2024_1_origin_py,"45.[原创]价值投资+期货对冲V4.0,无惧市场大跌.py",11,期货与做空,"[原创]价值投资+期货对冲V4.0,无惧市场大跌",期货/做空策略
py,2024_1_origin_py,"36.【菜场大妈】股息率小市值策略,10年206倍,5年10.8倍.py",01,小市值与微盘股,"【菜场大妈】股息率小市值策略,10年206倍,5年10.8倍",基本面选股策略
py,2024_1_origin_py,99.波动率交易的前言——期权定价.py,15,其他,波动率交易的前言——期权定价,期权策略
py,2024_1_origin_py,16.大市值价值投资，从2005年至今超额稳定.py,04,基本面价值选股,大市值价值投资，从2005年至今超额稳定,基本面选股策略
py,2024_1_origin_py,76.基金溢价（模拟效果好！）.py,02,ETF轮动,基金溢价（模拟效果好！）,基金策略
py,2024_1_origin_py,3.【回顾3】ETF策略之核心资产轮动.py,02,ETF轮动,【回顾3】ETF策略之核心资产轮动,ETF轮动策略
py,2024_1_origin_py,26.【深度解析 六】高股息率-低PEG-低股价 模型.py,04,基本面价值选股,【深度解析 六】高股息率-低PEG-低股价 模型,基本面选股策略
py,2024_1_origin_py,37.【择时模块实际效果】--论坛随便选了个策略加装.py,05,择时策略,【择时模块实际效果】--论坛随便选了个策略加装,择时策略
py,2024_1_origin_py,72.桥水 全天候策略 增加一致性度量ES 风险控制.py,14,资产配置与多策略组合,桥水 全天候策略 增加一致性度量ES 风险控制,资产配置策略
py,2024_1_origin_py,87.山寨红利.py,04,基本面价值选股,山寨红利,基本面选股策略
py,2024_1_origin_py,38.ETF核心资产轮动-添油加醋.py,02,ETF轮动,ETF核心资产轮动-添油加醋,ETF轮动策略
py,2024_1_origin_py,27.根据大小盘相对强弱选择合适的板块股票进行交易.py,01,小市值与微盘股,根据大小盘相对强弱选择合适的板块股票进行交易,板块轮动策略
py,2024_1_origin_py,95.基金的最爱与最恶.py,02,ETF轮动,基金的最爱与最恶,基金策略
py,2024_1_origin_py,97.大周期顶底判断：FED指标+格雷厄姆指数一次搞定.py,05,择时策略,大周期顶底判断：FED指标+格雷厄姆指数一次搞定,择时策略
py,2024_1_origin_py,4.首板低开策略.py,03,打板与龙头,首板低开策略,龙头/涨停板策略
py,2024_1_origin_py,65.低开买入小市值策略（剥头皮策略）3.0 总结.py,01,小市值与微盘股,低开买入小市值策略（剥头皮策略）3.0 总结,小市值/微盘股策略
py,2024_1_origin_py,40.14年初到23年7月，年化37，夏普1.25，稳健高收益！.py,15,其他,14年初到23年7月，年化37，夏普1.25，稳健高收益！,其他策略
py,2024_1_origin_py,14.四年多翻9倍，年化73%，成长因子评分筛选.py,04,基本面价值选股,四年多翻9倍，年化73%，成长因子评分筛选,基本面选股策略
py,2024_1_origin_py,"58.融券做空,3年35倍多！已模拟2年半，动态跑盘收益惊人！.py",11,期货与做空,"融券做空,3年35倍多！已模拟2年半，动态跑盘收益惊人！",期货/做空策略
py,2024_1_origin_py,7.连板龙头策略.py,03,打板与龙头,连板龙头策略,龙头/涨停板策略
py,2024_1_origin_py,19.高股息低市盈率高增长的价投策略.py,04,基本面价值选股,高股息低市盈率高增长的价投策略,基本面选股策略
py,2024_1_origin_py,5.尝试用机器学习批量生产小盘策略.py,01,小市值与微盘股,尝试用机器学习批量生产小盘策略,机器学习策略
py,2024_1_origin_py,68.业绩预告小工具--已更新.py,15,其他,业绩预告小工具--已更新,其他策略
py,2024_1_origin_py,9.持仓95只大容量小市值，媲美金元顺安元启.py,01,小市值与微盘股,持仓95只大容量小市值，媲美金元顺安元启,基本面选股策略
py,2024_1_origin_py,11.低价小盘简单有效.py,01,小市值与微盘股,低价小盘简单有效,基本面选股策略
py,2024_1_origin_py,25.低价股优化，18年至今10625.40%，已加防未来函数.py,15,其他,低价股优化，18年至今10625.40%，已加防未来函数,其他策略
py,2024_1_origin_py,92.【机器学习研究】动态多因子选股策略研究.py,08,机器学习与AI,【机器学习研究】动态多因子选股策略研究,机器学习策略
py,2024_1_origin_py,6.高股息低杠杆小市值轮动策略.py,01,小市值与微盘股,高股息低杠杆小市值轮动策略,基本面选股策略
py,2024_1_origin_py,77.【复现】筹码分布因子.py,15,其他,【复现】筹码分布因子,其他策略
py,2024_1_origin_py,86.根据连续亏损预判st股票.py,15,其他,根据连续亏损预判st股票,其他策略
py,2024_1_origin_py,46.【深度解析 四】聚宽三因子基本面 模型.py,04,基本面价值选股,【深度解析 四】聚宽三因子基本面 模型,基本面选股策略
py,2024_1_origin_py,61.聚类算法分析股票，看看今年大体能分出哪几类.py,15,其他,聚类算法分析股票，看看今年大体能分出哪几类,其他策略
py,2024_1_origin_py,33.年化46.77，alpha191因子选股.py,04,基本面价值选股,年化46.77，alpha191因子选股,多因子策略
py,2024_1_origin_py,51.【复现】行业有效量价因子与行业轮动策略.py,09,行业板块轮动,【复现】行业有效量价因子与行业轮动策略,板块轮动策略
py,2024_1_origin_py,73.稳健趋势策略，回测小，无未来函数.py,06,技术指标与形态,稳健趋势策略，回测小，无未来函数,技术指标策略
py,2024_1_origin_py,93.【复现】国信投资者情绪指数择时模型.py,05,择时策略,【复现】国信投资者情绪指数择时模型,择时策略
py,2024_1_origin_py,31.动量因子加RSRS择时和ETF轮动每日调仓.py,05,择时策略,动量因子加RSRS择时和ETF轮动每日调仓,择时策略
py,2024_1_origin_py,21.一种宏观数据的中长线策略，年化15%，最大回撤9%.py,15,其他,一种宏观数据的中长线策略，年化15%，最大回撤9%,其他策略
py,2024_1_origin_py,52.增强型投资组合优化（EPO）方法试用.py,02,ETF轮动,增强型投资组合优化（EPO）方法试用,资产配置策略
py,2024_1_origin_py,48.低代码迁移成本的实盘方案jqtrade+one quant.py,15,其他,低代码迁移成本的实盘方案jqtrade+one quant,其他策略
py,2024_1_origin_py,50.新策略，一种新思路，超额376%！.py,07,趋势跟踪与动量,新策略，一种新思路，超额376%！,动量策略
py,2024_1_origin_py,49.年化62%的动量策略.py,07,趋势跟踪与动量,年化62%的动量策略,动量策略
py,2024_1_origin_py,32.非线性市值（非小市值）组合4只.py,01,小市值与微盘股,非线性市值（非小市值）组合4只,基本面选股策略
py,2024_1_origin_py,85.【深度解析 七】BBI指标-大盘涨跌-宽基轮动模型.py,02,ETF轮动,【深度解析 七】BBI指标-大盘涨跌-宽基轮动模型,ETF轮动策略
py,2024_1_origin_py,60.【深度解析 二】资产负债与ROA模型.py,04,基本面价值选股,【深度解析 二】资产负债与ROA模型,基本面选股策略
py,2024_1_origin_py,84.【社区研究】连板龙头策略-wywy：复现与研究.py,03,打板与龙头,【社区研究】连板龙头策略-wywy：复现与研究,龙头/涨停板策略
py,2024_1_origin_py,22.菜场大妈皇城大妈年化108大妈吉祥.py,01,小市值与微盘股,菜场大妈皇城大妈年化108大妈吉祥,基本面选股策略
py,2024_1_origin_py,2.“7年40倍”策略扩容到50只.py,04,基本面价值选股,"""7年40倍""策略扩容到50只",基本面选股策略
py,2024_1_origin_py,54.追市场热点策略.py,09,行业板块轮动,追市场热点策略,板块轮动策略
py,2024_1_origin_py,89.【复现·水】市场情绪指标专题行业指数顶部和底部信号.py,09,行业板块轮动,【复现·水】市场情绪指标专题行业指数顶部和底部信号,板块轮动策略
py,2024_1_origin_py,57.【复现】技术分析算法、框架与实战之二：识别“圆弧底”.py,06,技术指标与形态,"【复现】技术分析算法、框架与实战之二：识别""圆弧底""",技术指标策略
py,2024_2_origin_py,47.别人恐惧我贪婪——重视大盘择时.py,05,择时策略,别人恐惧我贪婪——重视大盘择时,其他策略
py,2024_2_origin_py,5.随机森林策略，低换手率，年化近50%.py,08,机器学习与AI,随机森林策略，低换手率，年化近50%,机器学习策略
py,2024_2_origin_py,14.为实盘做的更新：分钟级别和盘中止损.py,06,技术指标与形态,为实盘做的更新：分钟级别和盘中止损,技术指标策略
py,2024_2_origin_py,38.ETF动量轮动RSRS择时-魔改3-北向资金择时-再优化.py,10,北向资金,ETF动量轮动RSRS择时-魔改3-北向资金择时-再优化,北向资金策略
py,2024_2_origin_py,24.宽基ETF动量轮动钝化RSRS择时-回撤小.py,02,ETF轮动,宽基ETF动量轮动钝化RSRS择时-回撤小,ETF轮动策略
py,2024_2_origin_py,62.【重构】C-VIX 中国版 VIX 编制手册.py,15,其他,【重构】C-VIX 中国版 VIX 编制手册,其他策略
py,2024_2_origin_py,66.ETF动量轮动MA乖离择时.py,02,ETF轮动,ETF动量轮动MA乖离择时,ETF轮动策略
py,2024_2_origin_py,96.集合竞价量比策略V1.py,03,打板与龙头,集合竞价量比策略V1,龙头/涨停板策略
py,2024_2_origin_py,1.一颗耀眼的星—【回顾2】小市值成长股策略更新—改.py,01,小市值与微盘股,一颗耀眼的星—【回顾2】小市值成长股策略更新—改,基本面选股策略
py,2024_2_origin_py,83.开盘幅度决定日内方向.py,06,技术指标与形态,开盘幅度决定日内方向,技术指标策略
py,2024_2_origin_py,4.集合竞价摸奖策略1.0-致敬2022.py,03,打板与龙头,集合竞价摸奖策略1.0-致敬2022,龙头/涨停板策略
py,2024_2_origin_py,11.缠论交易策略.py,06,技术指标与形态,缠论交易策略,技术指标策略
py,2024_2_origin_py,98.【漂亮50】“漂亮50”策略复现以及股息率排序函数.py,04,基本面价值选股,"【漂亮50】""漂亮50""策略复现以及股息率排序函数",基本面选股策略
py,2024_2_origin_py,40.RSI学习贴.py,06,技术指标与形态,RSI学习贴,技术指标策略
py,2024_2_origin_py,49.修改成一创版本.py,04,基本面价值选股,修改成一创版本,基本面选股策略
py,2024_2_origin_py,70.（股票交易模板）小市值-EPS-成长因子选股.py,01,小市值与微盘股,（股票交易模板）小市值-EPS-成长因子选股,基本面选股策略
py,2024_2_origin_py,22.菜场大妈选股法.py,01,小市值与微盘股,菜场大妈选股法,基本面选股策略
py,2024_2_origin_py,77.龙头弱转强战法.py,03,打板与龙头,龙头弱转强战法,龙头/涨停板策略
py,2024_2_origin_py,36.致敬市场(6) ，指数期货贴水.py,11,期货与做空,致敬市场(6) ，指数期货贴水,期货策略
py,2024_2_origin_py,48.一种宏观数据的中长线策略，年化15%，最大回撤9%.py,15,其他,一种宏观数据的中长线策略，年化15%，最大回撤9%,其他策略
py,2024_2_origin_py,80.短线策略-2022年两个半月收益45%-无未来函数.py,15,其他,短线策略-2022年两个半月收益45%-无未来函数,其他策略
py,2024_2_origin_py,35.自适应量化终极算法2.0 （全新升级).py,08,机器学习与AI,自适应量化终极算法2.0 （全新升级）,机器学习策略
py,2024_2_origin_py,95.首席质量因子-Gross Profitabilit（简化版）.py,04,基本面价值选股,首席质量因子-Gross Profitabilit（简化版）,基本面选股策略
py,2024_2_origin_py,89.年化收益55.7%， 超高胜率 0.799.py,15,其他,年化收益55.7%， 超高胜率 0.799,其他策略
py,2024_2_origin_py,97.【涨停研究一】具有哪些因子的股票更容易涨停.py,03,打板与龙头,【涨停研究一】具有哪些因子的股票更容易涨停,龙头/涨停板策略
py,2024_2_origin_py,56.一创PEG+EBIT+turnover_volatility.py,04,基本面价值选股,一创PEG+EBIT+turnover_volatility,基本面选股策略
py,2024_2_origin_py,8.14个月200%，超短线实盘交易策略！无未来函数.py,06,技术指标与形态,14个月200%，超短线实盘交易策略！无未来函数,技术指标策略
py,2024_2_origin_py,78.ffscore选股加rsrs择时.py,05,择时策略,ffscore选股加rsrs择时,基本面选股策略
py,2024_2_origin_py,20.【复现】因子择时？？？.py,05,择时策略,【复现】因子择时？？？,其他策略
py,2024_2_origin_py,18.动量ETF轮动-RSRS择时-卡尔曼滤波.py,02,ETF轮动,动量ETF轮动-RSRS择时-卡尔曼滤波,ETF轮动策略
py,2024_2_origin_py,65.神级策略：桥水全天候策略-7年最大回撤仅3.5%.py,14,资产配置与多策略组合,神级策略：桥水全天候策略-7年最大回撤仅3.5%,资产配置策略
py,2024_2_origin_py,68.胜率78%，6年36倍，今年行情依然50%年化.py,04,基本面价值选股,胜率78%，6年36倍，今年行情依然50%年化,基本面选股策略
py,2024_2_origin_py,51.行业反转效应（年化32%回撤8%).py,09,行业板块轮动,行业反转效应（年化32%回撤8%）,板块轮动策略
py,2024_2_origin_py,31.《趋势永存》持续16年跑赢大盘的真正靠谱策略.py,07,趋势跟踪与动量,《趋势永存》持续16年跑赢大盘的真正靠谱策略,趋势跟踪/动量策略
py,2024_2_origin_py,100.【复现】金股组合增强—分析师推荐概率.py,15,其他,【复现】金股组合增强—分析师推荐概率,其他策略
py,2024_2_origin_py,28.【回顾2】小市值成长股策略更新FROEC-PB-CAP-HL.py,01,小市值与微盘股,【回顾2】小市值成长股策略更新SG-MS-PEG-HL,基本面选股策略
py,2024_2_origin_py,13.【涨停研究三】连板股票收益统计与回测.py,03,打板与龙头,【涨停研究三】连板股票收益统计与回测,龙头/涨停板策略
py,2024_2_origin_py,79.实盘一周50%的妖股探测器.py,03,打板与龙头,实盘一周50%的妖股探测器,龙头/涨停板策略
py,2024_2_origin_py,71.期货日内策略三价均线结合ATR指标.py,11,期货与做空,期货日内策略三价均线结合ATR指标,期货策略
py,2024_2_origin_py,88.打首板策略，今年收益达到40%，绝无未来函数（必回）.py,03,打板与龙头,打首板策略，今年收益达到40%，绝无未来函数（必回）,龙头/涨停板策略
py,2024_2_origin_py,25.年初至今4倍，极致的Day Trading，56.8%胜率.py,06,技术指标与形态,年初至今4倍，极致的Day Trading，56.8%胜率,技术指标策略
py,2024_2_origin_py,86.可转债双低策略.py,13,可转债,可转债双低策略,可转债策略
py,2024_2_origin_py,15.高股息低杠杆小市值轮动策略.py,01,小市值与微盘股,高股息低杠杆小市值轮动策略,基本面选股策略
py,2024_2_origin_py,50.ETF动量轮动RSRS择时-V2.1.py,02,ETF轮动,ETF动量轮动RSRS择时-V2.1,ETF轮动策略
py,2024_2_origin_py,52.市场宽度——简洁版.py,15,其他,市场宽度——简洁版,其他策略
py,2024_2_origin_py,3.截止到21年12月依然有效的小市值适配因子.py,01,小市值与微盘股,截止到21年12月依然有效的小市值适配因子,其他策略
py,2024_2_origin_py,46.韶华研究之十二--还算可以的竞价研究.py,03,打板与龙头,韶华研究之十二--还算可以的竞价研究,龙头/涨停板策略
py,2024_2_origin_py,72.随机森林 - 多因子模型.py,08,机器学习与AI,随机森林 - 多因子模型,机器学习策略
py,2024_2_origin_py,45.真真正正的诚意之作-2021超十倍.py,07,趋势跟踪与动量,真真正正的诚意之作-2021超十倍,趋势跟踪/动量策略
py,2024_2_origin_py,17.科技与狠活.py,15,其他,科技与狠活,其他策略
py,2024_2_origin_py,9.分享几个截止2022年3月仍有效的策略.py,15,其他,分享几个截止2022年3月仍有效的策略,其他策略
py,2024_2_origin_py,2.ETF动量轮动RSRS择时-魔改3小优化.py,02,ETF轮动,ETF动量轮动RSRS择时-魔改3小优化,ETF轮动策略
py,2024_2_origin_py,26.近几年一直有效的股票BOLL择时策略.py,05,择时策略,近几年一直有效的股票BOLL择时策略,技术指标策略
py,2024_2_origin_py,91.【复现】特征分布建模择时.py,05,择时策略,【复现】特征分布建模择时,其他策略
py,2024_2_origin_py,28.【回顾2】小市值成长股策略更新SG-MS-PEG-HL.py,01,小市值与微盘股,【回顾2】小市值成长股策略更新SG-MS-PEG-HL,基本面选股策略
py,2024_2_origin_py,29.【策略.行业轮动】趋势-拥挤-景气度模型看行业轮动.py,09,行业板块轮动,【策略.行业轮动】趋势-拥挤-景气度模型看行业轮动,板块轮动策略
py,2024_2_origin_py,"32.追高概率涨停策略, 2022年化350%.py",03,打板与龙头,"追高概率涨停策略, 2022年化350%",龙头/涨停板策略
py,2024_2_origin_py,61.简单ETF策略，年化97%.py,02,ETF轮动,简单ETF策略，年化97%,ETF轮动策略
py,2024_2_origin_py,64.ETF轮动策略升级-增加盘中止损.py,02,ETF轮动,ETF轮动策略升级-增加盘中止损,ETF轮动策略
py,2024_2_origin_py,19.【复现】高频价量相关性，意想不到的选股因子.py,09,行业板块轮动,【复现】高频价量相关性，意想不到的选股因子,板块轮动策略
py,2024_2_origin_py,63.生猪期货CTA策略.py,11,期货与做空,生猪期货CTA策略,期货策略
py,2024_2_origin_py,16.ETF轮动策略升级-多类别-低回撤.py,02,ETF轮动,ETF轮动策略升级-多类别-低回撤,ETF轮动策略
py,2024_2_origin_py,6.PEG+成长+小市值+RSRS择时.py,01,小市值与微盘股,PEG+成长+小市值+RSRS择时,基本面选股策略
py,2024_2_origin_py,76.ETF-控制回撤性能拉满（国债ETF增强).py,02,ETF轮动,ETF-控制回撤性能拉满（国债ETF增强）,ETF轮动策略
py,2024_2_origin_py,37.三阳三阴战法.py,06,技术指标与形态,三阳三阴战法,技术指标策略
py,2024_2_origin_py,44.！！！最易上手的网格策略v2.0，设置几个参数就可以直接使用.py,15,其他,！！！最易上手的网格策略v2.0，设置几个参数就可以直接使用,网格交易策略
py,2024_2_origin_py,"94.FoF, all in.py",14,资产配置与多策略组合,"FoF, all in",资产配置策略
py,2024_2_origin_py,55.【复现】技术指标形态识别.py,06,技术指标与形态,【复现】技术指标形态识别,技术指标策略
py,2024_2_origin_py,21.行业ETF轮动+择时，15年至今年化收益35%，回撤16%.py,02,ETF轮动,行业ETF轮动+择时，15年至今年化收益35%，回撤16%,ETF轮动策略
py,2024_2_origin_py,33.胜率88.9%之君正集团策略-大阳分歧反包.py,03,打板与龙头,胜率88.9%之君正集团策略-大阳分歧反包,龙头/涨停板策略
py,2024_2_origin_py,39.绩优小市值量化君也-模拟交易年化333.75%.py,01,小市值与微盘股,绩优小市值量化君也-模拟交易年化333.75%,基本面选股策略
py,2024_2_origin_py,92.利用myTT库整合通达信公式——以“飞鹰优选”选股公式为例.py,06,技术指标与形态,"利用myTT库整合通达信公式——以""飞鹰优选""选股公式为例",技术指标策略
py,2024_2_origin_py,74.【动量应用V1】12年120倍，根据研报思路调整.py,07,趋势跟踪与动量,【动量应用V1】12年120倍，根据研报思路调整,趋势跟踪/动量策略
py,2024_2_origin_py,87.北上净买入策略.py,10,北向资金,北上净买入策略,北向资金策略
py,2024_2_origin_py,34.【回撤二波2.0】透过一次过拟合的机器学习摸底策略的收益上限.py,08,机器学习与AI,【回撤二波2.0】透过一次过拟合的机器学习摸底策略的收益上限,机器学习策略
py,2024_2_origin_py,90.大师策略——柯林·麦克连成长价值优势投资法.py,04,基本面价值选股,大师策略——柯林·麦克连成长价值优势投资法,基本面选股策略
py,2024_2_origin_py,30.【超跌反弹v1.0】3年2.3倍的超跌反弹小牛股.py,12,超跌反弹,【超跌反弹v1.0】3年2.3倍的超跌反弹小牛股,超跌反弹策略
py,2024_2_origin_py,12.全市场选股？7年5倍不择时，回撤30%左右.py,05,择时策略,全市场选股？7年5倍不择时，回撤30%左右,基本面选股策略
py,2024_2_origin_py,82.可转债知识总结.py,13,可转债,可转债知识总结,可转债策略
py,2024_2_origin_py,81.低PB小市值低换手策略总结.py,01,小市值与微盘股,低PB小市值低换手策略总结,基本面选股策略
py,2024_2_origin_py,42.实盘出现的问题和解决办法.py,15,其他,实盘出现的问题和解决办法,其他策略
py,2024_2_origin_py,59.年化62%的动量策略.py,07,趋势跟踪与动量,年化62%的动量策略,趋势跟踪/动量策略
py,2024_2_origin_py,57.别人恐惧我贪婪3——年化20%的股债组合.py,14,资产配置与多策略组合,别人恐惧我贪婪3——年化20%的股债组合,资产配置策略
py,2024_2_origin_py,54.sales_growth今年最优版.py,04,基本面价值选股,sales_growth今年最优版,基本面选股策略
py,2024_2_origin_py,27.中证500指增+CTA，胜率52%盈亏比1.9。不输顶尖私募.py,11,期货与做空,中证500指增+CTA，胜率52%盈亏比1.9。不输顶尖私募,期货策略
py,2024_2_origin_py,10.龙头首阴战法改版二.py,03,打板与龙头,龙头首阴战法改版二,龙头/涨停板策略
py,2024_2_origin_py,43.ETF动量因子评估.py,02,ETF轮动,ETF动量因子评估,ETF轮动策略
py,2024_2_origin_py,85.价值策略重开，再次向Jqz1226致敬.py,04,基本面价值选股,价值策略重开，再次向Jqz1226致敬,基本面选股策略
py,2024_2_origin_py,7.致敬经典作品——小兵哥《一致性风险度量》——极速版.py,14,资产配置与多策略组合,致敬经典作品——小兵哥《一致性风险度量》——极速版,资产配置策略
py,2024_2_origin_py,58.ETF动量轮动RSRS与北上择时-股债平衡-盘中止损.py,02,ETF轮动,ETF动量轮动RSRS与北上择时-股债平衡-盘中止损,ETF轮动策略
py,2024_2_origin_py,99.计算每日全A市场个股创新高比例(改).py,15,其他,计算每日全A市场个股创新高比例(改),其他策略
py,2024_2_origin_py,84.多大规模的基金收益最好？偏股基金规模研究.py,15,其他,多大规模的基金收益最好？偏股基金规模研究,其他策略
py,2024_2_origin_py,60.ETF动量轮动RSRS择时-v2.py,02,ETF轮动,ETF动量轮动RSRS择时-v2,ETF轮动策略
py,2024_2_origin_py,75.ETF轮动策略-入门2.0.py,02,ETF轮动,ETF轮动策略-入门2.0,ETF轮动策略
py,2024_2_origin_py,93.因子看板多因子模型---由量化课堂多因子模型修改.py,04,基本面价值选股,因子看板多因子模型---由量化课堂多因子模型修改,基本面选股策略
py,2024_2_origin_py,53.超跌网格交易大法V1.2：稳健跑赢大盘-年化13%回撤7%.py,12,超跌反弹,超跌网格交易大法V1.2：稳健跑赢大盘-年化13%回撤7%,超跌反弹策略
py,2024_2_origin_py,41.手把手教你“机器学习-动态多因子选股”(附保姆级教程).py,08,机器学习与AI,"手把手教你""机器学习-动态多因子选股""(附保姆级教程)",机器学习策略
py,2024_2_origin_py,73.实现净利润跳空策略.py,06,技术指标与形态,实现净利润跳空策略,技术指标策略
py,2024_2_origin_py,67.三因子策略年化21%简单多因子策略框架.py,04,基本面价值选股,三因子策略年化21%简单多因子策略框架,基本面选股策略
py,2025_origin_py,99韶华研究之二十，竞价异动.py,03,打板与龙头,韶华研究之二十，竞价异动,打板策略类
py,2025_origin_py,47多策略整合大E小十年百倍（年化64）.py,14,资产配置与多策略组合,多策略整合大E小十年百倍,多策略组合类
py,2025_origin_py,10.10年52倍，年化59，全新因子方法超稳定.py,15,其他,10年52倍，年化59，全新因子方法超稳定,其他策略类
py,2025_origin_py,3、5年15倍的收益，年化79.93，可实盘，拿走不谢！.py,15,其他,5年15倍的收益，年化79.93,其他策略类
py,2025_origin_py,4高股息低市盈率高增长的价投策略.py,04,基本面价值选股,高股息低市盈率高增长的价投策略,价值投资类
py,2025_origin_py,18国庆节献礼：实例说明白马股攻防转换策略.py,15,其他,国庆节献礼：实例说明白马股攻防转换策略,其他策略类
py,2025_origin_py,75大市值价值投资优化一波.py,04,基本面价值选股,大市值价值投资优化一波,价值投资类
py,2025_origin_py,5四大搅屎棍策略.py,14,资产配置与多策略组合,四大搅屎棍策略,多策略组合类
py,2025_origin_py,29穿越牛熊2.0(非小市值)年化50%的cta策略.py,01,小市值与微盘股,穿越牛熊2.0(非小市值)年化50%的cta策略,其他策略类
py,2025_origin_py,80基本面01加RSI择时.py,05,择时策略,基本面01加RSI择时,择时策略类
py,2025_origin_py,39干积分-大小盘反复横跳V2.0.py,01,小市值与微盘股,干积分-大小盘反复横跳V2.0,ETF轮动策略类
py,2025_origin_py,85稳健型ETF策略.py,02,ETF轮动,稳健型ETF策略,ETF轮动策略类
py,2025_origin_py,84正黄旗大妈选股改进-加入涨停卖出后的买入，提高资金利用率.py,01,小市值与微盘股,正黄旗大妈选股改进,小市值策略类
py,2025_origin_py,8国九条后中小板微盘小改，年化135.40.py,01,小市值与微盘股,国九条后中小板微盘小改,小市值策略类
py,2025_origin_py,6国九小市值策略【年化100.5】.py,01,小市值与微盘股,国九小市值策略,小市值策略类
py,2025_origin_py,45此消彼长.py,15,其他,此消彼长,其他策略类
py,2025_origin_py,72量化进阶学习笔记——打板策略.py,03,打板与龙头,量化进阶学习笔记——打板策略,打板策略类
py,2025_origin_py,26波动率过滤后相关性最小etf轮动.py,02,ETF轮动,波动率过滤后相关性最小etf轮动,ETF轮动策略类
py,2025_origin_py,28韶华研究之十九，一致性用在微盘控制回撤.py,01,小市值与微盘股,韶华研究之十九，一致性用在微盘控制回撤,小市值策略类
py,2025_origin_py,42国九条：三年分红5千万以下且占净利润30以下将被ST.py,01,小市值与微盘股,国九条：三年分红5千万以下且占净利润30以下将被ST,其他策略类
py,2025_origin_py,46高增股池小市值轮动.py,01,小市值与微盘股,高增股池小市值轮动,小市值策略类
py,2025_origin_py,52机器学习滚动训练价投策略.py,08,机器学习与AI,机器学习滚动训练价投策略,机器学习/AI策略类
py,2025_origin_py,21【原创】年化123涨停弱转强竞价战法.py,03,打板与龙头,年化123涨停弱转强竞价战法,打板策略类
py,2025_origin_py,60高股息V1.0（小程序公开股池）.py,04,基本面价值选股,高股息V1.0,价值投资类
py,2025_origin_py,74趋势筛选后相关性最小etf轮动.py,02,ETF轮动,趋势筛选后相关性最小etf轮动,ETF轮动策略类
py,2025_origin_py,64大小外择时小市值3.0.py,01,小市值与微盘股,大小外择时小市值3.0,择时策略类
py,2025_origin_py,22带上止损的核心资产轮动才更安心，低回撤，高收益率.py,02,ETF轮动,带上止损的核心资产轮动,ETF轮动策略类
py,2025_origin_py,82回报社区——基于Gyro老师策略的思考.py,01,小市值与微盘股,基于Gyro老师策略的思考,小市值策略类
py,2025_origin_py,34十年回测 年化103.32% 最大回撤23.89%.py,15,其他,十年回测年化103.32%最大回撤23.89%,其他策略类
py,2025_origin_py,13首板高开-低开-弱转强混合策略（今年收益1138.61）.py,03,打板与龙头,首板高开-低开-弱转强混合策略,打板策略类
py,2025_origin_py,87山寨红利.py,04,基本面价值选股,山寨红利,价值投资类
py,2025_origin_py,33回馈社区顺便搞积分《一个完整的机器学习pipeline》.py,08,机器学习与AI,回馈社区顺便搞积分《一个完整的机器学习pipeline》,机器学习/AI策略类
py,2025_origin_py,77研报三因子II-新规高分红小市值-年化60回撤19.py,04,基本面价值选股,研报三因子II-新规高分红小市值,价值投资类
py,2025_origin_py,32EPO优化低相关etf组合.py,02,ETF轮动,EPO优化低相关etf组合,ETF轮动策略类
py,2025_origin_py,36快过年了。不想呆在小市值的，可以拿这个策略躲一躲.py,15,其他,,
py,2025_origin_py,94别人“拿的住”的股票最赚钱.py,04,基本面价值选股,"别人""拿的住""的股票最赚钱",价值投资类
py,2025_origin_py,20小盘股动态调仓，100只10年17倍.py,01,小市值与微盘股,小盘股动态调仓,小市值策略类
py,2025_origin_py,76小市值止损策略【年化104.11】.py,01,小市值与微盘股,小市值止损策略,小市值策略类
py,2025_origin_py,14安全摸狗策略.py,15,其他,安全摸狗策略,其他策略类
py,2025_origin_py,65搭建量化交易模型从零开始——择时，选股，仓位管理和因子分析.py,15,其他,搭建量化交易模型从零开始,其他策略类
py,2025_origin_py,93.234板介入-2023年14倍-无未来.py,03,打板与龙头,234板介入-2023年14倍,打板策略类
py,2025_origin_py,30错杀反弹，掌握人性规律，开启投资新纪元.py,15,其他,错杀反弹，掌握人性规律,其他策略类
py,2025_origin_py,66手把手教你构建ETF策略候选池.py,02,ETF轮动,手把手教你构建ETF策略候选池,ETF轮动策略类
py,2025_origin_py,11低风险中等收益策略.py,15,其他,低风险中等收益策略,其他策略类
py,2025_origin_py,78首板低开策略-终极版 最大回撤15%，年化50%.py,03,打板与龙头,首板低开策略-终极版,打板策略类
py,2025_origin_py,96首版+2版龙虎榜挖掘V2.0，年化1400.py,03,打板与龙头,首版+2版龙虎榜挖掘V2.0,打板策略类
py,2025_origin_py,73微盘400每日再平衡.py,01,小市值与微盘股,微盘400每日再平衡,小市值策略类
py,2025_origin_py,49干货贴《机器学习5折保形回归》 .py,08,机器学习与AI,干货贴《机器学习5折保形回归》,机器学习/AI策略类
py,2025_origin_py,9干积分-量化策略简易框架.py,15,其他,干积分-量化策略简易框架,其他策略类
py,2025_origin_py,81搞市场最靓的仔！指数ETF动量轮动策略-2.py,02,ETF轮动,搞市场最靓的仔！指数ETF动量轮动策略-2,ETF轮动策略类
py,2025_origin_py,50分享一种K线小碎步后突破的分钟级打法.py,15,其他,,
py,2025_origin_py,43小市值再优化【年化98 回撤27】无未来函数.py,01,小市值与微盘股,小市值再优化,小市值策略类
py,2025_origin_py,98热点行业和热点概念-成分股-及龙一龙二龙三.py,09,行业板块轮动,热点行业和热点概念-成分股-及龙一龙二龙三,行业轮动策略类
py,2025_origin_py,59追板策略，今年收益已翻倍，低操作低回撤高收益可实盘.py,03,打板与龙头,追板策略,打板策略类
py,2025_origin_py,67大市值价投高股息爱国者策略（爱我中华）.py,04,基本面价值选股,大市值价投高股息爱国者策略,价值投资类
py,2025_origin_py,68wywy1995 首板低开策略代码优化，提快速度.py,03,打板与龙头,首板低开策略代码优化,打板策略类
py,2025_origin_py,58Debug-输出信息-多标的版ETF策略(ETF复现之三）.py,02,ETF轮动,Debug-输出信息-多标的版ETF策略,ETF轮动策略类
py,2025_origin_py,83大小外择时小市值.py,01,小市值与微盘股,大小外择时小市值,择时策略类
py,2025_origin_py,15小市值排除3个bug版，22年至今收益506.py,01,小市值与微盘股,小市值排除3个bug版,小市值策略类
py,2025_origin_py,90固收+.py,04,基本面价值选股,固收+,价值投资类
py,2025_origin_py,91ETF-T0动量策略，年化 18%，回撤3.31%.py,02,ETF轮动,ETF-T0动量策略,ETF轮动策略类
py,2025_origin_py,100使用K-means 聚类对基金分类.py,02,ETF轮动,使用K-means聚类对基金分类,ETF轮动策略类
py,2025_origin_py,92行业宽度轮动研究.py,09,行业板块轮动,行业宽度轮动研究,行业轮动策略类
py,2025_origin_py,95学习贴《一个完整的-深度学习-神经网络pipeline》.py,08,机器学习与AI,学习贴《一个完整的-深度学习-神经网络pipeline》,机器学习/AI策略类
py,2025_origin_py,19机器学习线性回归小市值.py,01,小市值与微盘股,机器学习线性回归小市值,机器学习/AI策略类
py,2025_origin_py,"35【菜场大妈】股息率小市值策略,10年206倍,5年10.8倍.py",01,小市值与微盘股,菜场大妈股息率小市值策略,小市值策略类
py,2025_origin_py,2连板龙头策略.py,03,打板与龙头,连板龙头策略,打板策略类
py,2025_origin_py,31蛇皮走位小市值策略V1.0.py,01,小市值与微盘股,蛇皮走位小市值策略V1.0,小市值策略类
py,2025_origin_py,24大容量低回撤价值投资-排除小市值因子.py,04,基本面价值选股,大容量低回撤价值投资,价值投资类
py,2025_origin_py,25冷饭热吃之三，14年至今年华99.99.py,15,其他,冷饭热吃之三，14年至今年华99.99,其他策略类
py,2025_origin_py,56基于趋势、拥挤、景气的行业轮动，及行业强势个股的选择.py,09,行业板块轮动,基于趋势、拥挤、景气的行业轮动,行业轮动策略类
py,2025_origin_py,54发一个学习策略5年70倍，思路可以学习.py,15,其他,发一个学习策略5年70倍，思路可以学习,其他策略类
py,2025_origin_py,16集合竞价三合一，今年收益1067.py,03,打板与龙头,集合竞价三合一,打板策略类
py,2025_origin_py,55怎么让龟速变奔跑？以“首版突破一进二”为例.py,03,打板与龙头,首版突破一进二,打板策略类
py,2025_origin_py,70动态保形回归小市值策略改进.py,01,小市值与微盘股,动态保形回归小市值策略改进,机器学习/AI策略类
py,2025_origin_py,88WY大神的“龙头打板”策略小改.py,03,打板与龙头,"WY大神的""龙头打板""策略小改",打板策略类
py,2025_origin_py,7追首板涨停 过去两年年化304%.py,03,打板与龙头,追首板涨停,打板策略类
py,2025_origin_py,48投资回报率ROIC中等市值.py,04,基本面价值选股,投资回报率ROIC中等市值,价值投资类
py,2025_origin_py,12用子账户模拟多策略分仓.py,14,资产配置与多策略组合,用子账户模拟多策略分仓,多策略组合类
py,2025_origin_py,89基于Gyro.大神的小市值策略的因子匹配研究.py,01,小市值与微盘股,基于Gyro.大神的小市值策略的因子匹配研究,小市值策略类
py,2025_origin_py,86手把手教你构建ETF策略候选池优化版.py,02,ETF轮动,手把手教你构建ETF策略候选池优化版,ETF轮动策略类
py,2025_origin_py,57韶华研究之十八，201系列.py,15,其他,韶华研究之十八，201系列,其他策略类
py,2025_origin_py,"53TSmall-100, 微盘三正.py",01,小市值与微盘股,"TSmall-100, 微盘三正",小市值策略类
py,2025_origin_py,69“稳定摸狗策略”学习笔记.py,14,资产配置与多策略组合,"""稳定摸狗策略""学习笔记",多策略组合类
py,2025_origin_py,62基金溢价（模拟效果好！）.py,02,ETF轮动,基金溢价（模拟效果好！）,ETF轮动策略类
py,2025_origin_py,17多品种ETF动量轮动+EPO优化.py,02,ETF轮动,多品种ETF动量轮动+EPO优化,ETF轮动策略类
py,2025_origin_py,1首板低开策略.py,03,打板与龙头,首板低开策略,打板策略类
py,2025_origin_py,79国九条-新的红利因子，修正「审计意见」函数.py,04,基本面价值选股,国九条-新的红利因子,价值投资类
py,2025_origin_py,63.5年12倍-小市值.py,01,小市值与微盘股,5年12倍-小市值,小市值策略类
py,2025_origin_py,40高股息策略.py,04,基本面价值选股,高股息策略,价值投资类
py,2025_origin_py,38ETF策略之核心资产轮动（线性增加权重）.py,02,ETF轮动,ETF策略之核心资产轮动,ETF轮动策略类
py,2025_origin_py,27人工智能强化学习DQN交易智能体（回馈社区公开训练代码）.py,08,机器学习与AI,人工智能强化学习DQN交易智能体,机器学习/AI策略类
py,2025_origin_py,61BiLSTM for ETF.py,08,机器学习与AI,BiLSTM for ETF,机器学习/AI策略类
py,2025_origin_py,41SVR机器学习上证综指择时中小板财务选股策略.py,05,择时策略,SVR机器学习上证综指择时中小板财务选股策略,择时策略类
py,2025_origin_py,23大盘择时，逻辑简单.py,05,择时策略,大盘择时，逻辑简单,择时策略类
py,2025_origin_py,37微盘股扩散指数双均线择时.py,01,小市值与微盘股,微盘股扩散指数双均线择时,择时策略类
py,2025_origin_py,44国九条 年化130.74% 回撤11% 众神Debug版.py,01,小市值与微盘股,国九条年化130.74%回撤11%,小市值策略类
py,2025_origin_py,51“四大搅屎棍策略”学习笔记-有魔改.py,14,资产配置与多策略组合,"""四大搅屎棍策略""学习笔记-有魔改",多策略组合类
